customer_id,organization_id,customer_name,aadhaar_number,pan_number,deleted_at,retention_period,kyc_status,masked_ssn
1,ORG-0002,Aarav Sharma,621175500261,OSSLH4287F,,5 years,failed,XXX-XX-3547
2,ORG-0004,Suresh Naidu,713332041902,HQXHS1067C,,1 year,expired,XXX-XX-5554
3,ORG-0008,Rohan Mishra,713676065243,HYRFV3708Z,,5 years,verified,XXX-XX-4456
4,ORG-0010,Radha Venkatesh,724861175740,PJZCQ4781F,,7 years,verified,XXX-XX-7304
5,ORG-0007,Pooja Thakur,959807652611,LLYGQ7516U,,3 years,pending,XXX-XX-7126
6,ORG-0003,Kavya Pillai,254139822509,TVZPY1691Q,,7 years,pending,XXX-XX-9835
7,ORG-0004,Amit Choudhury,636384200556,ASBBB8026G,,10 years,expired,XXX-XX-4981
8,ORG-0008,Meera Krishnamurthy,810444769047,IWGFR4422C,,10 years,verified,XXX-XX-1828
9,ORG-0009,Lakshmi Sundaram,299814240392,GULLW9957E,,3 years,verified,XXX-XX-9883
10,ORG-0001,Deepak Pandey,705581901567,GDXFS5645Q,,5 years,pending,XXX-XX-6147
11,ORG-0004,Krishna Iyer,816499065051,NDJBH3187T,,10 years,verified,XXX-XX-5905
12,ORG-0002,Radha Venkatesh,428712236856,GXBLI0319F,,10 years,expired,XXX-XX-1158
13,ORG-0002,Aditya Reddy,458511387882,FGCPN9792F,,3 years,expired,XXX-XX-1406
14,ORG-0003,Deepak Pandey,774672173042,FXJFH0138Y,,10 years,expired,XXX-XX-9785
15,ORG-0006,Aarav Sharma,382590537499,DXEAW4586X,,3 years,failed,XXX-XX-8066
16,ORG-0002,Karan Banerjee,766195636518,RJTCT5483G,,10 years,failed,XXX-XX-8618
17,ORG-0008,Aadhya Rao,557976266092,GIUCA0967O,,10 years,pending,XXX-XX-7291
18,ORG-0008,Myra Chatterjee,516888728640,OXDCZ4553Y,,10 years,expired,XXX-XX-9976
19,ORG-0008,Radha Venkatesh,474226756202,HHIPC1267C,,5 years,expired,XXX-XX-7812
20,ORG-0001,Reyansh Gupta,837908549238,XVNPZ6224A,,7 years,pending,XXX-XX-8657
21,ORG-0003,Pooja Thakur,295604812343,IWHLI8470L,,1 year,verified,XXX-XX-1508
22,ORG-0004,Reyansh Gupta,262419423698,SUEGD5959M,,3 years,verified,XXX-XX-4978
23,ORG-0002,Amit Choudhury,686197343537,WVCHU8411Q,,5 years,expired,XXX-XX-8616
24,ORG-0007,Lakshmi Sundaram,632924756342,IMJGK2585Q,,1 year,pending,XXX-XX-7658
25,ORG-0008,Kavya Pillai,566470263546,NLTHL7221G,,10 years,pending,XXX-XX-4138
26,ORG-0004,Deepak Pandey,925759823373,DBBGW9671A,,7 years,expired,XXX-XX-8216
27,ORG-0006,Sai Nair,228104561892,CGOLT5673O,,10 years,expired,XXX-XX-6003
28,ORG-0010,Pooja Thakur,267922611005,LPHFJ7746I,,10 years,pending,XXX-XX-7965
29,ORG-0002,Kavya Pillai,569801375217,RSYPR4004K,,1 year,verified,XXX-XX-4750
30,ORG-0010,Riya Malhotra,296207469152,QMCHN3683W,,7 years,verified,XXX-XX-8451
31,ORG-0002,Ananya Desai,639459654138,TQTFI5946D,2025-07-14 19:51:15,3 years,failed,XXX-XX-1224
32,ORG-0009,Sara Bose,328196192742,MMLCM1571C,,7 years,failed,XXX-XX-9318
33,ORG-0005,Lakshmi Sundaram,222594153557,LIEFS3843P,,7 years,expired,XXX-XX-3492
34,ORG-0008,Vivaan Patel,455884547464,EMZHT6688R,,5 years,expired,XXX-XX-9864
35,ORG-0001,Pooja Thakur,326220977117,HAIAJ3424V,,3 years,pending,XXX-XX-2293
36,ORG-0010,Geetha Raghavan,862914220897,RELHS2964J,,7 years,expired,XXX-XX-2747
37,ORG-0004,Myra Chatterjee,759296256707,PMXGY7636T,,3 years,verified,XXX-XX-1645
38,ORG-0005,Meera Krishnamurthy,903193427831,NHEJZ2884C,,3 years,expired,XXX-XX-6992
39,ORG-0002,Meera Krishnamurthy,805466589123,AWOTH6647U,,3 years,verified,XXX-XX-1609
40,ORG-0005,Priya Verma,308146794718,KCMLI0349L,2025-11-05 11:34:57,5 years,verified,XXX-XX-7523
41,ORG-0005,Reyansh Gupta,398026903976,FVOTG8277T,2022-10-24 04:34:16,3 years,verified,XXX-XX-1422
42,ORG-0003,Aarav Sharma,772310757477,NCNTB7963U,,1 year,expired,XXX-XX-7580
43,ORG-0007,Karan Banerjee,349006026537,ZNLTN0786Y,,3 years,expired,XXX-XX-8398
44,ORG-0004,Sara Bose,783733296404,CLTHZ1095V,,5 years,expired,XXX-XX-1842
45,ORG-0005,Pooja Thakur,635262183759,UVZTT6566W,,3 years,failed,XXX-XX-6062
46,ORG-0006,Diya Kapoor,211607905349,EIITT0016V,2024-06-26 21:27:31,10 years,expired,XXX-XX-7785
47,ORG-0005,Reyansh Gupta,331655329021,YTTGK1441R,,10 years,failed,XXX-XX-2180
48,ORG-0007,Geetha Raghavan,244034462491,EYLHC4144C,,5 years,failed,XXX-XX-4630
49,ORG-0006,Suresh Naidu,406517396115,GEDBF9645S,,10 years,failed,XXX-XX-6179
50,ORG-0003,Aadhya Rao,346753040328,QZCTQ3597B,,10 years,pending,XXX-XX-6267
51,ORG-0010,Priya Verma,494889060795,NPJGM4357U,,5 years,verified,XXX-XX-7333
52,ORG-0005,Krishna Iyer,435139635931,JUVPC6433F,,5 years,expired,XXX-XX-4145
53,ORG-0004,Arjun Kumar,408178803719,JEVTZ9703X,,7 years,failed,XXX-XX-8355
54,ORG-0004,Kavya Pillai,538483994238,NZVTE8043D,,10 years,verified,XXX-XX-5670
55,ORG-0002,Suresh Naidu,429149243008,NGZHH0986Z,,1 year,failed,XXX-XX-8740
56,ORG-0003,Suresh Naidu,940028575120,HBKTO0845U,,3 years,pending,XXX-XX-5772
57,ORG-0007,Aarav Sharma,724609055959,KMQHI7302V,,10 years,failed,XXX-XX-3185
58,ORG-0001,Diya Kapoor,781746680745,HBFAK9595I,2025-08-17 06:18:22,1 year,failed,XXX-XX-5476
59,ORG-0002,Meera Krishnamurthy,744493163724,CLLCR2132O,,7 years,pending,XXX-XX-8272
60,ORG-0006,Aadhya Rao,279646706456,TEATV7007L,,10 years,verified,XXX-XX-3513
61,ORG-0008,Diya Kapoor,740133290155,XDUJG9294D,,1 year,expired,XXX-XX-3828
62,ORG-0008,Aditya Reddy,767522177132,FZUFZ4354R,,1 year,verified,XXX-XX-6067
63,ORG-0007,Amit Choudhury,957809646380,UQECN5885J,,5 years,pending,XXX-XX-6669
64,ORG-0009,Radha Venkatesh,682651355195,ERSTK8580B,,10 years,failed,XXX-XX-4453
65,ORG-0010,Sara Bose,246294862005,LMFTE3778M,,5 years,verified,XXX-XX-6228
66,ORG-0004,Aadhya Rao,322023628139,PITJQ4840M,,3 years,pending,XXX-XX-6781
67,ORG-0001,Vivaan Patel,648645848773,JKOFL5057I,,10 years,verified,XXX-XX-3108
68,ORG-0002,Myra Chatterjee,773971550132,MLPPE3619X,,10 years,failed,XXX-XX-9311
69,ORG-0009,Kavya Pillai,972836957763,AMZTS2045X,,7 years,pending,XXX-XX-4968
70,ORG-0001,Riya Malhotra,314442564874,SNOJQ3945R,,5 years,expired,XXX-XX-4150
71,ORG-0004,Krishna Iyer,629222733977,HDRLM8982J,,1 year,failed,XXX-XX-8247
72,ORG-0005,Deepak Pandey,928252172096,FGCHW4619F,,7 years,expired,XXX-XX-4267
73,ORG-0005,Ananya Desai,669055799187,EXZLZ4999B,2025-03-09 19:06:59,5 years,failed,XXX-XX-8444
74,ORG-0009,Neha Saxena,981528376708,IHRFF6644K,2025-10-02 03:11:08,7 years,failed,XXX-XX-5064
75,ORG-0001,Krishna Iyer,827937066017,HKNGW1926H,,7 years,pending,XXX-XX-8454
76,ORG-0010,Diya Kapoor,879788765755,NJXBB8925F,,10 years,expired,XXX-XX-2904
77,ORG-0004,Amit Choudhury,905845404879,KVTTC0309C,,7 years,verified,XXX-XX-5703
78,ORG-0007,Sai Nair,479649389360,ROQHD1557H,,1 year,failed,XXX-XX-8585
79,ORG-0009,Sara Bose,882329718471,WAFBT0570X,2024-06-17 07:34:13,1 year,pending,XXX-XX-9255
80,ORG-0005,Ayaan Joshi,757828954254,PTELR4996Z,,7 years,expired,XXX-XX-3444
81,ORG-0005,Myra Chatterjee,474837895957,DGFBO8071I,,10 years,verified,XXX-XX-2192
82,ORG-0004,Meera Krishnamurthy,548390991944,GPFFR3246J,,10 years,expired,XXX-XX-8635
83,ORG-0002,Meera Krishnamurthy,973230870557,SHFFM5259K,,7 years,expired,XXX-XX-8550
84,ORG-0003,Deepak Pandey,717495600896,RTKFC7053T,,10 years,expired,XXX-XX-8993
85,ORG-0001,Aarav Sharma,805290868918,CDEPI8233M,,3 years,pending,XXX-XX-5914
86,ORG-0002,Rohan Mishra,203500144758,WCNAH2884B,,5 years,verified,XXX-XX-3938
87,ORG-0006,Aarav Sharma,557730128387,ITDBQ7302C,,10 years,expired,XXX-XX-6347
88,ORG-0001,Rohan Mishra,674253153724,GBGLW7133C,2023-09-24 14:23:48,5 years,verified,XXX-XX-3170
89,ORG-0002,Sai Nair,845403053327,KCXFS5612I,,1 year,pending,XXX-XX-8121
90,ORG-0005,Sara Bose,640226511390,IQUHO3889E,,10 years,pending,XXX-XX-8848
91,ORG-0006,Sai Nair,892645238315,OPOPA9474J,,1 year,expired,XXX-XX-9180
92,ORG-0003,Rohan Mishra,626770944594,ROUHW8560Y,,5 years,pending,XXX-XX-1725
93,ORG-0010,Rohan Mishra,893710275623,JMRPE3014C,,3 years,failed,XXX-XX-6110
94,ORG-0006,Aadhya Rao,553074007036,CUYFQ1159H,,3 years,pending,XXX-XX-8080
95,ORG-0007,Aarav Sharma,544022775759,JFCJQ9333D,,7 years,pending,XXX-XX-5873
96,ORG-0010,Riya Malhotra,363213135544,MNXCR1218T,2024-01-06 00:31:08,3 years,expired,XXX-XX-9281
97,ORG-0008,Sara Bose,948400722511,LTTPQ1178L,,1 year,expired,XXX-XX-9951
98,ORG-0004,Sara Bose,376280280813,VFTHW6467G,,10 years,failed,XXX-XX-9720
99,ORG-0005,Pooja Thakur,437228960970,XZWCW8278Y,,7 years,expired,XXX-XX-3329
100,ORG-0010,Rohan Mishra,663077476844,MPWBX9668Z,,3 years,expired,XXX-XX-4470
101,ORG-0008,Krishna Iyer,783554360074,LDWJO0926E,,5 years,pending,XXX-XX-5489
102,ORG-0002,Rohan Mishra,723913362671,AMDFQ6068N,,7 years,verified,XXX-XX-4751
103,ORG-0007,Aditya Reddy,313238866056,PEJFU7964G,2022-07-25 04:48:07,10 years,expired,XXX-XX-6759
104,ORG-0007,Ananya Desai,426267290888,FPELJ6772M,,7 years,verified,XXX-XX-9655
105,ORG-0001,Diya Kapoor,718536797006,GBBLQ2774M,2025-01-03 17:39:09,5 years,verified,XXX-XX-6077
106,ORG-0002,Neha Saxena,591357663494,GGYBO6066F,,3 years,verified,XXX-XX-3684
107,ORG-0008,Diya Kapoor,611728708205,SOCJQ3453I,,10 years,verified,XXX-XX-4742
108,ORG-0009,Aarav Sharma,280039190875,RFGHI8516B,,10 years,verified,XXX-XX-7568
109,ORG-0002,Radha Venkatesh,987304327725,JZZFX9720N,2025-01-14 11:40:53,1 year,failed,XXX-XX-1023
110,ORG-0007,Geetha Raghavan,615240970980,NSJBS0180S,2025-09-18 04:15:18,5 years,failed,XXX-XX-7438
111,ORG-0006,Ananya Desai,920275114459,ZFIGD0837T,2023-11-03 04:05:45,3 years,failed,XXX-XX-7492
112,ORG-0009,Vivaan Patel,629044724819,AVZCG8366S,,1 year,verified,XXX-XX-2056
113,ORG-0004,Radha Venkatesh,980881909475,MJLHG9241T,,3 years,failed,XXX-XX-9173
114,ORG-0007,Radha Venkatesh,902118568797,UJOJL9531K,,1 year,failed,XXX-XX-1959
115,ORG-0008,Neha Saxena,779916289098,FWUHF1586S,2025-12-05 11:36:36,3 years,pending,XXX-XX-9064
116,ORG-0009,Ishaan Mehta,440225092171,XVIAE5978L,,5 years,expired,XXX-XX-2655
117,ORG-0006,Ishaan Mehta,711979619696,UFPCM3617W,,7 years,verified,XXX-XX-3983
118,ORG-0010,Ananya Desai,561430336986,RSIAI2637X,2024-03-01 14:46:26,3 years,expired,XXX-XX-9078
119,ORG-0007,Diya Kapoor,814866108235,YBELF7580T,,7 years,verified,XXX-XX-8066
120,ORG-0003,Pooja Thakur,811216772223,BOVCB3426T,,1 year,verified,XXX-XX-4390
121,ORG-0003,Rohan Mishra,694174826338,JEBJO2851W,,1 year,failed,XXX-XX-9871
122,ORG-0007,Suresh Naidu,558845848405,XSNPZ5919O,,3 years,pending,XXX-XX-4157
123,ORG-0003,Vivaan Patel,806281537805,OOWPO9075Z,,7 years,pending,XXX-XX-3428
124,ORG-0010,Riya Malhotra,395125343466,AHDTV6083H,2024-08-31 08:57:23,1 year,failed,XXX-XX-5965
125,ORG-0005,Krishna Iyer,986923773769,CLXLX4530Z,,5 years,expired,XXX-XX-3222
126,ORG-0009,Radha Venkatesh,218200031343,KXRFL4494R,,3 years,failed,XXX-XX-2480
127,ORG-0005,Aarav Sharma,808722226581,ZRMCU1826J,,5 years,expired,XXX-XX-7168
128,ORG-0006,Aadhya Rao,623565099854,PHRJC3232U,,5 years,pending,XXX-XX-3456
129,ORG-0009,Suresh Naidu,588866676928,KKATG3766P,,5 years,failed,XXX-XX-3785
130,ORG-0009,Sai Nair,601287163037,THUHL2284U,,10 years,verified,XXX-XX-8736
131,ORG-0004,Neha Saxena,383208124595,LISBP3930O,,3 years,pending,XXX-XX-9021
132,ORG-0002,Arjun Kumar,864930130388,ERQFH6313S,,1 year,verified,XXX-XX-5885
133,ORG-0005,Aadhya Rao,746194719800,FZFAS5177M,,5 years,verified,XXX-XX-1785
134,ORG-0002,Rohan Mishra,201412726041,CNQCN8171D,,7 years,pending,XXX-XX-4272
135,ORG-0005,Lakshmi Sundaram,534159642003,COMBY5712H,,5 years,failed,XXX-XX-8606
136,ORG-0001,Vihaan Singh,488364188015,QIXTI8081M,,7 years,failed,XXX-XX-7319
137,ORG-0008,Meera Krishnamurthy,867160914585,REJHT0689E,,7 years,verified,XXX-XX-7738
138,ORG-0008,Vivaan Patel,323767559637,NSCFP3638R,,10 years,verified,XXX-XX-1190
139,ORG-0003,Neha Saxena,988042902643,GLUJC8414U,2024-04-06 13:02:35,10 years,verified,XXX-XX-2489
140,ORG-0010,Pooja Thakur,685643888370,PSJJD0603U,,5 years,failed,XXX-XX-2741
141,ORG-0001,Radha Venkatesh,448742118284,EITAU8574V,,10 years,pending,XXX-XX-9172
142,ORG-0001,Neha Saxena,254597961810,RPILN9972K,,7 years,pending,XXX-XX-3263
143,ORG-0007,Pooja Thakur,685375227698,DSZCQ5677R,,10 years,expired,XXX-XX-9747
144,ORG-0005,Radha Venkatesh,885016171225,VRHPB3466R,,10 years,expired,XXX-XX-4892
145,ORG-0009,Meera Krishnamurthy,660347690723,WWLFU7675T,,3 years,failed,XXX-XX-8353
146,ORG-0003,Karan Banerjee,311534515230,SEDHT0966P,,10 years,failed,XXX-XX-2194
147,ORG-0006,Neha Saxena,595715438635,HYQJR8906O,,10 years,pending,XXX-XX-1653
148,ORG-0006,Myra Chatterjee,335298384088,FNYCY5006Y,,7 years,verified,XXX-XX-4368
149,ORG-0009,Lakshmi Sundaram,869714300756,OFGLO6406R,2025-06-20 02:48:47,10 years,verified,XXX-XX-2189
150,ORG-0006,Sita Menon,326629380123,TUWGU1697X,,1 year,pending,XXX-XX-3019
151,ORG-0001,Aarav Sharma,859379346517,FVFCV7889R,,10 years,verified,XXX-XX-5762
152,ORG-0002,Krishna Iyer,315936220143,IRSCS5891K,,3 years,expired,XXX-XX-5533
153,ORG-0006,Arjun Kumar,784335168813,OGXBX0050S,,10 years,pending,XXX-XX-1600
154,ORG-0009,Krishna Iyer,961385815030,AGZTV1541S,,3 years,expired,XXX-XX-6878
155,ORG-0001,Ayaan Joshi,922265739800,QCZGX2516L,,1 year,failed,XXX-XX-7165
156,ORG-0004,Neha Saxena,838446511060,FEJBV2874P,,10 years,pending,XXX-XX-7732
157,ORG-0001,Ayaan Joshi,215158119541,ZQWGC2644H,,10 years,pending,XXX-XX-3979
158,ORG-0010,Karan Banerjee,616950310596,RVPCP9585Y,,7 years,pending,XXX-XX-9835
159,ORG-0001,Radha Venkatesh,853052873573,TSCCI4282R,,3 years,verified,XXX-XX-1116
160,ORG-0010,Neha Saxena,353284145252,OPZLY2551R,,5 years,failed,XXX-XX-6641
161,ORG-0007,Deepak Pandey,486746124359,SSEAZ0194C,,5 years,verified,XXX-XX-1618
162,ORG-0007,Sita Menon,865759864268,UHATQ5210H,,3 years,verified,XXX-XX-5520
163,ORG-0007,Diya Kapoor,842079575538,VFZJM5241C,,5 years,verified,XXX-XX-9409
164,ORG-0005,Radha Venkatesh,669577944509,DBQFV7843R,2023-06-24 07:18:05,7 years,failed,XXX-XX-2245
165,ORG-0009,Sita Menon,443829694178,WFFFT3710V,,1 year,verified,XXX-XX-8901
166,ORG-0006,Pooja Thakur,749884992254,BUMPB5361D,,7 years,failed,XXX-XX-1137
167,ORG-0001,Karan Banerjee,531381229315,LKTHM2115H,,5 years,pending,XXX-XX-8081
168,ORG-0007,Reyansh Gupta,487404186536,MGWAM0122U,2023-11-17 08:23:23,10 years,failed,XXX-XX-6638
169,ORG-0001,Sara Bose,336656592358,ULCTJ4986K,,10 years,expired,XXX-XX-2168
170,ORG-0002,Sai Nair,723226248358,ZKEAE7697C,,7 years,verified,XXX-XX-2565
171,ORG-0002,Sita Menon,950370216833,GHQCQ8068K,,7 years,failed,XXX-XX-9987
172,ORG-0008,Arjun Kumar,454784659428,CIKCJ0571J,,1 year,expired,XXX-XX-8816
173,ORG-0005,Aarav Sharma,875751842765,VFCFQ7986J,,10 years,failed,XXX-XX-7765
174,ORG-0004,Geetha Raghavan,312662610051,ECGJX0002N,,7 years,failed,XXX-XX-8597
175,ORG-0001,Ananya Desai,389070418887,DTGJH7047Q,,3 years,expired,XXX-XX-7375
176,ORG-0005,Sita Menon,717751423061,ZGLAF7532B,,7 years,pending,XXX-XX-7084
177,ORG-0002,Ayaan Joshi,446397031519,MIOHZ8703X,,1 year,expired,XXX-XX-8168
178,ORG-0009,Ishaan Mehta,911372895011,HGJAY6310L,,3 years,failed,XXX-XX-2037
179,ORG-0009,Lakshmi Sundaram,816712430604,YEABP1063P,,10 years,failed,XXX-XX-1804
180,ORG-0006,Ayaan Joshi,309698463781,VUBTI5780G,,1 year,verified,XXX-XX-4784
181,ORG-0009,Myra Chatterjee,516595577568,SLCCR4319O,,5 years,failed,XXX-XX-7090
182,ORG-0007,Suresh Naidu,883253573497,AAHAQ1809G,,1 year,failed,XXX-XX-9376
183,ORG-0009,Riya Malhotra,404128223550,FCIJF4878D,,5 years,verified,XXX-XX-7251
184,ORG-0002,Suresh Naidu,293849177892,QQBPB3536E,2024-03-15 14:48:38,10 years,verified,XXX-XX-4638
185,ORG-0007,Ishaan Mehta,813475234674,MFKTG5952I,,5 years,verified,XXX-XX-2843
186,ORG-0007,Sara Bose,733503969412,BVFHE7810T,,5 years,verified,XXX-XX-6624
187,ORG-0002,Ishaan Mehta,943725756969,RJXPB2026I,2025-09-02 00:04:24,5 years,failed,XXX-XX-2767
188,ORG-0001,Ishaan Mehta,823903851549,YAGPJ3313L,,5 years,pending,XXX-XX-9212
189,ORG-0005,Meera Krishnamurthy,268880521865,CJYTU6454J,,5 years,expired,XXX-XX-9883
190,ORG-0003,Reyansh Gupta,456216894971,ROEBR5718E,,5 years,expired,XXX-XX-7737
191,ORG-0005,Aadhya Rao,611109666525,ACUCQ8461M,,3 years,pending,XXX-XX-4166
192,ORG-0004,Vivaan Patel,870247970999,WMIJH4768X,,10 years,verified,XXX-XX-9530
193,ORG-0002,Aadhya Rao,980953755602,HKHGO1296E,,7 years,verified,XXX-XX-9202
194,ORG-0002,Sai Nair,433048880361,SETBD7607X,,10 years,pending,XXX-XX-7204
195,ORG-0009,Myra Chatterjee,279561817435,TLQBE9070P,,10 years,verified,XXX-XX-9084
196,ORG-0004,Reyansh Gupta,944608268216,BJDAV5630D,,3 years,pending,XXX-XX-5659
197,ORG-0010,Karan Banerjee,497307388781,BMDGK5566D,,10 years,verified,XXX-XX-8924
198,ORG-0010,Sita Menon,648256964740,VWGGG0061G,,7 years,expired,XXX-XX-1745
199,ORG-0006,Diya Kapoor,502273530634,SQACG3369Z,2022-10-06 15:09:40,7 years,failed,XXX-XX-8577
200,ORG-0007,Sita Menon,282735267836,ZHALU5161D,,5 years,failed,XXX-XX-1518
201,ORG-0005,Sara Bose,342492317796,LAMPE1975Y,,1 year,pending,XXX-XX-4361
202,ORG-0001,Aadhya Rao,875096504058,RIPGU8312K,,1 year,failed,XXX-XX-3446
203,ORG-0003,Krishna Iyer,306523317223,BPIJB1461B,2024-03-13 05:45:38,10 years,expired,XXX-XX-6826
204,ORG-0005,Ananya Desai,576597418945,LRSJP2286L,,5 years,failed,XXX-XX-8426
205,ORG-0008,Aarav Sharma,343417611872,IQUPO4465P,,5 years,pending,XXX-XX-8063
206,ORG-0007,Riya Malhotra,752609545457,VEYBT1873P,,1 year,verified,XXX-XX-4565
207,ORG-0003,Radha Venkatesh,276426428275,RXYHC5658J,2025-01-29 01:00:45,10 years,failed,XXX-XX-2797
208,ORG-0005,Geetha Raghavan,227333356411,JYVCJ9610A,,7 years,expired,XXX-XX-3224
209,ORG-0002,Arjun Kumar,888696448323,LAMFW5453B,,5 years,verified,XXX-XX-8889
210,ORG-0002,Arjun Kumar,640804790678,IBIAP4953L,,5 years,failed,XXX-XX-3744
211,ORG-0001,Amit Choudhury,675041098629,CNWGI1280D,,10 years,pending,XXX-XX-8317
212,ORG-0006,Meera Krishnamurthy,427478301911,MZUFV4627L,2023-06-26 03:03:10,7 years,expired,XXX-XX-8802
213,ORG-0005,Priya Verma,537418094699,RBXHN6622Z,2025-09-02 18:25:29,3 years,pending,XXX-XX-9518
214,ORG-0006,Karan Banerjee,430004563721,AQBTV8251D,2025-05-23 04:24:42,10 years,pending,XXX-XX-2816
215,ORG-0003,Krishna Iyer,649692497318,BUJHB2810G,,3 years,expired,XXX-XX-2776
216,ORG-0003,Kavya Pillai,826971052480,DQYLI1330W,,7 years,expired,XXX-XX-8144
217,ORG-0007,Geetha Raghavan,350984593644,QYCPK0476F,,7 years,pending,XXX-XX-5896
218,ORG-0007,Radha Venkatesh,363067117545,BOIPZ4900Z,,7 years,verified,XXX-XX-4468
219,ORG-0009,Aadhya Rao,472074096260,AQXBO6808D,,10 years,pending,XXX-XX-2033
220,ORG-0004,Sara Bose,789639518777,PIDCY4654S,2022-07-24 20:39:24,3 years,verified,XXX-XX-8978
221,ORG-0002,Aarav Sharma,210684876268,NKYTW0149U,,5 years,failed,XXX-XX-7861
222,ORG-0001,Kavya Pillai,519968954621,BCDJP1606J,,5 years,failed,XXX-XX-8424
223,ORG-0001,Vihaan Singh,291741875312,RIUHH0783H,2025-04-13 15:03:56,7 years,pending,XXX-XX-4541
224,ORG-0010,Aadhya Rao,431769216012,WLEHH8676T,,10 years,pending,XXX-XX-2416
225,ORG-0007,Geetha Raghavan,982440482429,YYXAN9047B,,7 years,expired,XXX-XX-2605
226,ORG-0008,Priya Verma,507642329060,ELOTA9417F,,5 years,expired,XXX-XX-1022
227,ORG-0002,Myra Chatterjee,752766526635,YNXHB1363F,,1 year,pending,XXX-XX-3267
228,ORG-0006,Ayaan Joshi,367787773851,KBJJP5845R,,7 years,failed,XXX-XX-2075
229,ORG-0004,Radha Venkatesh,903190111126,YAKPE4470G,2023-04-21 16:41:21,7 years,failed,XXX-XX-6346
230,ORG-0008,Riya Malhotra,945837232819,HYQCW5117V,,3 years,pending,XXX-XX-2915
231,ORG-0001,Ananya Desai,443276914952,DAYCO9195Q,,5 years,expired,XXX-XX-5748
232,ORG-0010,Karan Banerjee,477931406102,QFJHB6157Y,,1 year,verified,XXX-XX-9821
233,ORG-0008,Karan Banerjee,393465063743,KAIGO8074N,,5 years,pending,XXX-XX-7944
234,ORG-0007,Arjun Kumar,313953953061,HEMTY9182P,2023-09-11 18:19:31,10 years,expired,XXX-XX-4678
235,ORG-0001,Meera Krishnamurthy,213661621961,ATMBT7558U,,1 year,failed,XXX-XX-9397
236,ORG-0010,Aarav Sharma,610381124937,HNYPG7107R,,5 years,failed,XXX-XX-5447
237,ORG-0006,Vihaan Singh,780534391121,EXPPR7784C,,3 years,verified,XXX-XX-8856
238,ORG-0006,Ishaan Mehta,714959137117,SRHFE9471A,,7 years,verified,XXX-XX-4217
239,ORG-0002,Vivaan Patel,249030016523,RADGS3157H,,1 year,verified,XXX-XX-1229
240,ORG-0009,Reyansh Gupta,591707998461,ERCHM4547K,,1 year,pending,XXX-XX-9123
241,ORG-0006,Amit Choudhury,650312639458,HWEBZ4619P,,7 years,expired,XXX-XX-9563
242,ORG-0002,Vihaan Singh,436978131286,KGLJI7757Z,,7 years,failed,XXX-XX-8795
243,ORG-0010,Myra Chatterjee,951414290787,MAETV3367V,,7 years,expired,XXX-XX-4308
244,ORG-0005,Karan Banerjee,942385904934,IJLAF5837P,,5 years,expired,XXX-XX-8986
245,ORG-0002,Riya Malhotra,966548534968,JZIAS0837A,,5 years,expired,XXX-XX-2594
246,ORG-0007,Diya Kapoor,740223068119,NARLS5404A,,7 years,expired,XXX-XX-6282
247,ORG-0010,Vihaan Singh,916357363440,WUVPG2094H,,1 year,verified,XXX-XX-6518
248,ORG-0005,Aditya Reddy,943085263429,NROAU7852X,,5 years,expired,XXX-XX-1981
249,ORG-0009,Reyansh Gupta,742778489688,GHETH4112J,,10 years,expired,XXX-XX-7914
250,ORG-0001,Reyansh Gupta,420725607706,XIHBN8683X,,3 years,verified,XXX-XX-9196
251,ORG-0002,Neha Saxena,640573878795,FCFGO4805W,,5 years,expired,XXX-XX-8780
252,ORG-0004,Krishna Iyer,437809686961,UGOGU9381H,,7 years,verified,XXX-XX-7438
253,ORG-0005,Ishaan Mehta,397281438678,HCUJP7934D,,5 years,verified,XXX-XX-6764
254,ORG-0007,Pooja Thakur,740066714632,CENCT6734X,,3 years,failed,XXX-XX-5616
255,ORG-0004,Aditya Reddy,833385005629,CMGCB4420L,,10 years,verified,XXX-XX-1231
256,ORG-0009,Sara Bose,984229827344,FFVFN1709H,,3 years,failed,XXX-XX-8506
257,ORG-0002,Aarav Sharma,913667772008,IGXTV9570I,,7 years,failed,XXX-XX-7466
258,ORG-0006,Arjun Kumar,252598135111,BDWGX3492Y,,10 years,failed,XXX-XX-8139
259,ORG-0003,Ananya Desai,971867012029,SLZJB4954D,,3 years,verified,XXX-XX-6727
260,ORG-0002,Reyansh Gupta,611528559557,KBTBK0663S,,1 year,failed,XXX-XX-3519
261,ORG-0001,Aditya Reddy,986495096937,TTYTE2063B,,10 years,expired,XXX-XX-2516
262,ORG-0007,Krishna Iyer,427302346912,HUTGV6303G,,7 years,expired,XXX-XX-5398
263,ORG-0010,Pooja Thakur,804316059664,SYNPC2494E,,5 years,pending,XXX-XX-9570
264,ORG-0007,Ishaan Mehta,259554478354,TATJF7804W,,10 years,expired,XXX-XX-8371
265,ORG-0010,Meera Krishnamurthy,639820926405,KARJW4677J,,10 years,failed,XXX-XX-7471
266,ORG-0005,Aditya Reddy,411861041282,WOCJE4011W,,7 years,expired,XXX-XX-1321
267,ORG-0008,Riya Malhotra,525800679876,POHJM4566P,,1 year,verified,XXX-XX-7914
268,ORG-0010,Ananya Desai,326816644173,MLNTV3686E,,7 years,expired,XXX-XX-6902
269,ORG-0008,Meera Krishnamurthy,462761161498,HFBAL8318Q,2022-05-11 10:27:07,10 years,pending,XXX-XX-2977
270,ORG-0009,Ayaan Joshi,923308216568,SYLJY1167D,,1 year,verified,XXX-XX-3736
271,ORG-0002,Geetha Raghavan,591245706316,WLKAH8421I,,7 years,failed,XXX-XX-5021
272,ORG-0003,Suresh Naidu,871498956942,USNBC3474M,,3 years,verified,XXX-XX-9516
273,ORG-0005,Sara Bose,887873389612,KQXTZ6438U,,3 years,failed,XXX-XX-2380
274,ORG-0001,Kavya Pillai,737855253362,AXOGH8345X,2024-02-03 08:40:32,5 years,verified,XXX-XX-1782
275,ORG-0002,Aadhya Rao,650327579684,GHRTV1371Q,,5 years,expired,XXX-XX-2605
276,ORG-0003,Amit Choudhury,880084435556,KGMLO6974F,,3 years,expired,XXX-XX-8499
277,ORG-0003,Amit Choudhury,364015918133,HNDGL3471S,,5 years,failed,XXX-XX-4532
278,ORG-0003,Lakshmi Sundaram,905004343384,VDDJY4483Z,,10 years,expired,XXX-XX-7344
279,ORG-0004,Radha Venkatesh,830642010676,IQQBG9579Q,,7 years,verified,XXX-XX-2970
280,ORG-0009,Sai Nair,222885053549,YIEAQ3210F,,3 years,failed,XXX-XX-2468
281,ORG-0003,Ishaan Mehta,860917201822,YXBFY5255D,,5 years,expired,XXX-XX-7669
282,ORG-0002,Priya Verma,242829625732,KCQFZ9397R,,10 years,expired,XXX-XX-1684
283,ORG-0001,Lakshmi Sundaram,996610922694,VFVGB1500W,,3 years,failed,XXX-XX-8077
284,ORG-0004,Pooja Thakur,789697263292,IXDAT4964W,,7 years,verified,XXX-XX-2270
285,ORG-0009,Aarav Sharma,963883176045,YLFAY2930T,,3 years,pending,XXX-XX-9090
286,ORG-0006,Vivaan Patel,647609612511,FTRTS1571S,,10 years,failed,XXX-XX-4143
287,ORG-0001,Amit Choudhury,668046683844,DNMPY0709R,,1 year,expired,XXX-XX-4188
288,ORG-0006,Aditya Reddy,292699130602,LAUHI2498K,,3 years,verified,XXX-XX-8184
289,ORG-0002,Rohan Mishra,950003801946,HQBAR0846N,,10 years,verified,XXX-XX-8428
290,ORG-0007,Aadhya Rao,886397431156,BUFTE6247O,,3 years,verified,XXX-XX-1991
291,ORG-0003,Ishaan Mehta,856355146299,NRDFQ8503G,,3 years,verified,XXX-XX-6595
292,ORG-0004,Karan Banerjee,969535964141,UBFAU2262X,,5 years,expired,XXX-XX-4363
293,ORG-0007,Sai Nair,230012157009,FEXCK8211I,,1 year,pending,XXX-XX-7208
294,ORG-0002,Ananya Desai,532869998807,DYUFR3359H,,10 years,pending,XXX-XX-9773
295,ORG-0005,Meera Krishnamurthy,430788982042,RBNPL4433W,,7 years,expired,XXX-XX-5396
296,ORG-0010,Myra Chatterjee,228422431829,CTHPL2053O,,7 years,failed,XXX-XX-9151
297,ORG-0006,Krishna Iyer,804209255024,FDJPG3627Y,,5 years,pending,XXX-XX-3258
298,ORG-0009,Sita Menon,602874456458,TDKFX7457Y,,7 years,failed,XXX-XX-2406
299,ORG-0006,Geetha Raghavan,549448018373,MRJFN4776J,,1 year,verified,XXX-XX-3279
300,ORG-0003,Ananya Desai,892351154801,COATP0193G,,10 years,verified,XXX-XX-8449
301,ORG-0001,Diya Kapoor,218411540984,DFLJF6955V,,3 years,verified,XXX-XX-3337
302,ORG-0008,Aditya Reddy,862354400697,JVULT8841T,,7 years,expired,XXX-XX-4005
303,ORG-0010,Vihaan Singh,860818560795,XKTBL0173O,,3 years,verified,XXX-XX-8572
304,ORG-0001,Aditya Reddy,937830193743,BOGJE4218T,,5 years,verified,XXX-XX-9759
305,ORG-0007,Sai Nair,360241785405,QNRBM6450M,,3 years,failed,XXX-XX-4908
306,ORG-0004,Aditya Reddy,249316287812,EKCHK5125N,,3 years,verified,XXX-XX-6842
307,ORG-0006,Sai Nair,243340863025,HPZBW5981D,,7 years,pending,XXX-XX-6440
308,ORG-0003,Rohan Mishra,796009457572,AATBJ2420E,,5 years,pending,XXX-XX-3484
309,ORG-0007,Reyansh Gupta,227948137073,KVTFX3259V,,3 years,expired,XXX-XX-9543
310,ORG-0006,Sai Nair,960490991153,UFNLX4114T,,5 years,expired,XXX-XX-4299
311,ORG-0005,Geetha Raghavan,909314577870,AJWGT5513J,,7 years,expired,XXX-XX-2178
312,ORG-0006,Arjun Kumar,919087344374,JIZBN8919F,,7 years,failed,XXX-XX-6711
313,ORG-0009,Amit Choudhury,963034249375,ARDTO9125V,,1 year,verified,XXX-XX-2512
314,ORG-0007,Myra Chatterjee,351482396339,KWSBD6731X,,7 years,failed,XXX-XX-1105
315,ORG-0003,Lakshmi Sundaram,900656713718,EYLFF2781N,,10 years,verified,XXX-XX-3721
316,ORG-0002,Ishaan Mehta,332354610703,PZCPZ0697P,,5 years,expired,XXX-XX-6514
317,ORG-0006,Karan Banerjee,798963033149,SSXCA6826H,,10 years,expired,XXX-XX-9436
318,ORG-0007,Karan Banerjee,506936897626,MTUHN9946W,,7 years,failed,XXX-XX-4196
319,ORG-0003,Geetha Raghavan,217365814161,GFTBD4719M,,3 years,failed,XXX-XX-8803
320,ORG-0002,Karan Banerjee,496473259033,XTSPN8210C,,10 years,pending,XXX-XX-2902
321,ORG-0010,Diya Kapoor,489500589332,RUNTS2354E,,5 years,pending,XXX-XX-9189
322,ORG-0008,Arjun Kumar,616875391973,MVMLB9382X,,3 years,verified,XXX-XX-3933
323,ORG-0008,Deepak Pandey,828910344330,BSHFW8317S,,1 year,failed,XXX-XX-8496
324,ORG-0003,Riya Malhotra,444828163815,UWJLV8909F,,1 year,failed,XXX-XX-8107
325,ORG-0003,Rohan Mishra,821335177961,CMVLI6401D,,10 years,pending,XXX-XX-1377
326,ORG-0010,Riya Malhotra,927714645000,XUEAM5584Q,,10 years,verified,XXX-XX-4399
327,ORG-0002,Sai Nair,404305602707,DHZCN9620Q,,5 years,expired,XXX-XX-3291
328,ORG-0010,Priya Verma,759352082124,VYPFS3160I,,3 years,expired,XXX-XX-8472
329,ORG-0002,Krishna Iyer,891262667567,NEVHZ4060D,,10 years,expired,XXX-XX-2080
330,ORG-0006,Rohan Mishra,333282039310,YESGS8457J,,10 years,verified,XXX-XX-1785
331,ORG-0003,Ananya Desai,818675845268,SRDTX2963Y,,10 years,expired,XXX-XX-8500
332,ORG-0003,Aadhya Rao,775249883893,KICBC7910X,,7 years,verified,XXX-XX-7946
333,ORG-0009,Sita Menon,445986469772,STGPV6696Y,,3 years,pending,XXX-XX-2230
334,ORG-0006,Lakshmi Sundaram,459433192579,DHHFA7523U,,1 year,expired,XXX-XX-8999
335,ORG-0001,Diya Kapoor,263308131408,NDDJA1623J,,3 years,failed,XXX-XX-2780
336,ORG-0008,Karan Banerjee,913438110377,XEFJV9144V,,5 years,expired,XXX-XX-9222
337,ORG-0007,Arjun Kumar,397130608455,AMHBY4671I,,5 years,pending,XXX-XX-8031
338,ORG-0004,Priya Verma,375195621094,YLQBB3579H,,7 years,verified,XXX-XX-9353
339,ORG-0007,Rohan Mishra,232234300077,FMXBN1933D,,10 years,pending,XXX-XX-6426
340,ORG-0006,Deepak Pandey,775622501662,BZWFG7905K,,7 years,pending,XXX-XX-9741
341,ORG-0003,Vivaan Patel,415288998470,XBKPZ0561B,,1 year,pending,XXX-XX-7512
342,ORG-0008,Karan Banerjee,317374211266,WULPI3275F,,10 years,pending,XXX-XX-5781
343,ORG-0001,Rohan Mishra,492180992168,QZIPI7463B,,1 year,failed,XXX-XX-4592
344,ORG-0005,Sai Nair,695977173680,QOVFK2587E,,7 years,failed,XXX-XX-3430
345,ORG-0008,Aditya Reddy,911814760111,KPBBN2991Q,,1 year,verified,XXX-XX-7191
346,ORG-0007,Aarav Sharma,387602016095,YCTHW0178F,,7 years,pending,XXX-XX-4994
347,ORG-0001,Kavya Pillai,661812581909,LDRFV3881F,,3 years,verified,XXX-XX-5617
348,ORG-0006,Aditya Reddy,719986155615,RHVHD2432W,,1 year,pending,XXX-XX-3401
349,ORG-0006,Arjun Kumar,847981471313,TJMJW9661U,,7 years,expired,XXX-XX-9144
350,ORG-0009,Kavya Pillai,958354567723,AZAPP9903Y,,5 years,expired,XXX-XX-3361
351,ORG-0009,Sita Menon,828019730935,SRBTF0300S,,7 years,pending,XXX-XX-3988
352,ORG-0008,Deepak Pandey,476243762185,ATNAM8685I,,10 years,failed,XXX-XX-4724
353,ORG-0007,Sita Menon,420397403893,PCSJK6430L,,3 years,failed,XXX-XX-2776
354,ORG-0002,Aditya Reddy,768025057358,QAGTS0940C,,1 year,failed,XXX-XX-5626
355,ORG-0007,Neha Saxena,533316385575,AUMAJ1606W,,3 years,pending,XXX-XX-3638
356,ORG-0009,Neha Saxena,741269076299,PYOJD8185Z,,1 year,expired,XXX-XX-2541
357,ORG-0008,Ananya Desai,491230172429,WQDBS4324T,,3 years,expired,XXX-XX-7008
358,ORG-0009,Geetha Raghavan,736528666721,VAWGM1303O,,5 years,expired,XXX-XX-8675
359,ORG-0009,Radha Venkatesh,911193440361,FTCJB5912S,2025-05-16 12:03:59,5 years,expired,XXX-XX-8756
360,ORG-0004,Vivaan Patel,589626004277,WNRGF8093Y,,3 years,failed,XXX-XX-7866
361,ORG-0008,Priya Verma,494958581755,DRVHA1418D,,7 years,failed,XXX-XX-9531
362,ORG-0001,Aadhya Rao,466507167627,FERAL8085D,,7 years,expired,XXX-XX-7723
363,ORG-0006,Diya Kapoor,857114155388,RLHTD9816T,,1 year,expired,XXX-XX-9924
364,ORG-0002,Rohan Mishra,958682751891,JUMLA9752V,,7 years,pending,XXX-XX-1068
365,ORG-0007,Vivaan Patel,207857315456,KQKAZ9493X,,5 years,pending,XXX-XX-8166
366,ORG-0004,Vihaan Singh,456786259201,LQPAT7903X,,7 years,failed,XXX-XX-4056
367,ORG-0004,Rohan Mishra,525277762965,QPCJT1121C,,5 years,pending,XXX-XX-7402
368,ORG-0002,Priya Verma,244624864121,XRQAD9946R,2024-12-04 23:16:59,1 year,pending,XXX-XX-1484
369,ORG-0009,Aarav Sharma,423801061216,CSQJX8499I,,5 years,expired,XXX-XX-2685
370,ORG-0010,Meera Krishnamurthy,612744523133,FJXBO1055J,,10 years,failed,XXX-XX-7525
371,ORG-0001,Vihaan Singh,484122313061,SFOHH5365D,,10 years,verified,XXX-XX-7909
372,ORG-0007,Ananya Desai,710402146521,AAUTA9284R,,1 year,failed,XXX-XX-1266
373,ORG-0002,Priya Verma,384333074027,ZMQBL9128E,,5 years,expired,XXX-XX-4708
374,ORG-0003,Aditya Reddy,578850608000,HGRLI6951K,,10 years,expired,XXX-XX-8320
375,ORG-0002,Neha Saxena,556937222055,WRTFW0900G,,7 years,pending,XXX-XX-8989
376,ORG-0002,Ananya Desai,587539768117,XKLTQ2404V,,10 years,verified,XXX-XX-3413
377,ORG-0008,Radha Venkatesh,372810642908,LDNPK0206X,,3 years,failed,XXX-XX-4103
378,ORG-0007,Sai Nair,654466920023,BCFTW7317W,,3 years,pending,XXX-XX-4335
379,ORG-0006,Rohan Mishra,672019678619,REIJE9640I,,3 years,verified,XXX-XX-6769
380,ORG-0008,Riya Malhotra,242185985111,CHTJP7924L,,5 years,failed,XXX-XX-6467
381,ORG-0009,Suresh Naidu,916709861429,TZJBG9312U,,7 years,pending,XXX-XX-5346
382,ORG-0006,Radha Venkatesh,734930536445,ZUHAP9165J,,3 years,failed,XXX-XX-8976
383,ORG-0005,Aditya Reddy,600250346021,JHWPE9717N,,1 year,failed,XXX-XX-4585
384,ORG-0001,Priya Verma,726339895144,WUDFI1530S,,7 years,pending,XXX-XX-7159
385,ORG-0007,Vihaan Singh,456563349497,ATCCT9753T,,10 years,failed,XXX-XX-1877
386,ORG-0007,Arjun Kumar,864758029151,VORAD7670G,,10 years,expired,XXX-XX-3234
387,ORG-0004,Radha Venkatesh,433904610618,CFMPO3924F,,10 years,failed,XXX-XX-8194
388,ORG-0010,Vihaan Singh,810172562421,CPJGM3748E,2024-07-25 03:36:24,1 year,failed,XXX-XX-1558
389,ORG-0010,Aadhya Rao,293184015821,XNNCU1654Z,,5 years,expired,XXX-XX-2117
390,ORG-0008,Myra Chatterjee,961756265555,VBACH0194Y,,3 years,verified,XXX-XX-3850
391,ORG-0007,Suresh Naidu,890207436013,CLDTR1242G,,7 years,pending,XXX-XX-2409
392,ORG-0010,Aarav Sharma,328834501790,QMVTP5388Z,2024-05-25 20:24:55,1 year,verified,XXX-XX-3083
393,ORG-0009,Ishaan Mehta,312632992702,WZBTH8953B,,1 year,expired,XXX-XX-5309
394,ORG-0001,Vivaan Patel,742802837905,MUOTW8830N,,10 years,verified,XXX-XX-8844
395,ORG-0003,Krishna Iyer,214234782905,UFPLV6043M,,7 years,expired,XXX-XX-3257
396,ORG-0002,Aadhya Rao,389314025279,XUOAX2004J,2023-12-18 19:41:56,3 years,failed,XXX-XX-3125
397,ORG-0010,Myra Chatterjee,966092788841,HJOFQ8351L,,10 years,expired,XXX-XX-5583
398,ORG-0002,Reyansh Gupta,485351770247,TYAAI2380I,,7 years,expired,XXX-XX-1308
399,ORG-0007,Myra Chatterjee,902140353069,XXXTG7384N,,1 year,verified,XXX-XX-7358
400,ORG-0005,Geetha Raghavan,947729492922,RHZPJ3363V,,10 years,verified,XXX-XX-3036
401,ORG-0005,Riya Malhotra,788400036544,PCXPK9427I,,3 years,pending,XXX-XX-3858
402,ORG-0003,Geetha Raghavan,226154352992,ZAVHR7630O,,1 year,pending,XXX-XX-4343
403,ORG-0006,Riya Malhotra,786042063984,JYHAF3215D,,5 years,failed,XXX-XX-4520
404,ORG-0007,Lakshmi Sundaram,261769995960,TODPZ0454I,,10 years,failed,XXX-XX-4998
405,ORG-0006,Ayaan Joshi,723964940504,JMFLH5815Y,,10 years,pending,XXX-XX-5264
406,ORG-0005,Ananya Desai,714514811415,KTSJX1880F,,3 years,expired,XXX-XX-7919
407,ORG-0006,Arjun Kumar,862238361701,XYXJX8241F,,10 years,verified,XXX-XX-3494
408,ORG-0001,Riya Malhotra,764317272407,NNNLJ3311X,,3 years,expired,XXX-XX-9505
409,ORG-0005,Riya Malhotra,702124829970,YRDFR8709R,,3 years,verified,XXX-XX-9001
410,ORG-0001,Diya Kapoor,529441497918,XMCCI7130Z,,1 year,failed,XXX-XX-3567
411,ORG-0009,Ananya Desai,647606801756,EOVAU6258H,,5 years,expired,XXX-XX-3481
412,ORG-0008,Lakshmi Sundaram,472189870055,FEKGT3564V,,5 years,pending,XXX-XX-5786
413,ORG-0008,Priya Verma,855229874420,LEYBL6774Z,,10 years,expired,XXX-XX-4847
414,ORG-0001,Ishaan Mehta,658707233434,XGSHU8345F,,1 year,failed,XXX-XX-3117
415,ORG-0010,Kavya Pillai,290373370026,NZVLW2893G,,3 years,verified,XXX-XX-1591
416,ORG-0001,Suresh Naidu,357020660789,JKVGC0577A,2025-01-14 19:58:09,1 year,expired,XXX-XX-4183
417,ORG-0010,Geetha Raghavan,674734095346,FKHGW5204M,,10 years,verified,XXX-XX-8409
418,ORG-0004,Riya Malhotra,232356389017,WMGCM6475H,2024-10-07 08:26:19,5 years,pending,XXX-XX-1598
419,ORG-0006,Amit Choudhury,882254492443,OTTBN6371X,,3 years,expired,XXX-XX-2862
420,ORG-0001,Radha Venkatesh,846518401979,WHIHS6152T,,5 years,failed,XXX-XX-8735
421,ORG-0008,Reyansh Gupta,797815804104,ZIEBR4065C,,10 years,pending,XXX-XX-6651
422,ORG-0001,Sita Menon,528853642565,CDSGF2175Y,,10 years,failed,XXX-XX-8756
423,ORG-0004,Sai Nair,279081183801,NLRHJ5153M,,5 years,failed,XXX-XX-9552
424,ORG-0006,Neha Saxena,388998785476,ROLHF0346X,,10 years,pending,XXX-XX-7266
425,ORG-0006,Sai Nair,213153995024,QQKGI6988P,,7 years,expired,XXX-XX-3847
426,ORG-0008,Deepak Pandey,300817814806,QBCPI9160V,,5 years,pending,XXX-XX-7000
427,ORG-0009,Aarav Sharma,846017121060,RKQAJ2335W,2024-08-06 02:07:58,1 year,pending,XXX-XX-2415
428,ORG-0003,Ananya Desai,277230728692,ETDAM7113H,,5 years,pending,XXX-XX-3901
429,ORG-0005,Krishna Iyer,924536468082,KNFLL6623Q,,5 years,verified,XXX-XX-9409
430,ORG-0004,Krishna Iyer,540161153353,ASQAF4361L,,7 years,pending,XXX-XX-1356
431,ORG-0008,Meera Krishnamurthy,956742764401,YGYPD4794A,,3 years,failed,XXX-XX-9586
432,ORG-0004,Riya Malhotra,413993784106,DWHBF2202V,,5 years,verified,XXX-XX-8820
433,ORG-0003,Diya Kapoor,346696877017,TDUGV7430P,,10 years,verified,XXX-XX-4632
434,ORG-0010,Sai Nair,533867961121,LIRLE2380N,,7 years,verified,XXX-XX-8617
435,ORG-0002,Diya Kapoor,364811560664,KBLBT8957W,,10 years,failed,XXX-XX-2829
436,ORG-0003,Sara Bose,880097256841,MBWJL0534V,,1 year,failed,XXX-XX-3928
437,ORG-0005,Diya Kapoor,803653072008,SQLGL9628X,,10 years,expired,XXX-XX-1665
438,ORG-0002,Ananya Desai,706781573631,KETBN9759T,,3 years,verified,XXX-XX-7131
439,ORG-0010,Priya Verma,574772669623,KAKCI2593H,,5 years,pending,XXX-XX-2044
440,ORG-0010,Ishaan Mehta,956339033443,TFSLI4650P,,5 years,verified,XXX-XX-4400
441,ORG-0009,Diya Kapoor,623606134900,ZOMFM9168D,,3 years,verified,XXX-XX-5740
442,ORG-0003,Geetha Raghavan,479953292760,RRQHQ5384O,,7 years,pending,XXX-XX-3910
443,ORG-0007,Ishaan Mehta,253419369466,QDQBT5406F,,7 years,verified,XXX-XX-7066
444,ORG-0001,Deepak Pandey,858813819935,HXFJO2697O,,1 year,failed,XXX-XX-3609
445,ORG-0004,Aadhya Rao,300689804272,DUQPW0472M,,1 year,failed,XXX-XX-7544
446,ORG-0009,Rohan Mishra,941128711436,XUFBK6084H,,5 years,failed,XXX-XX-8285
447,ORG-0006,Meera Krishnamurthy,965571223329,YEQJW4276E,,7 years,failed,XXX-XX-4734
448,ORG-0001,Geetha Raghavan,551035854999,QPNPL3968P,,7 years,verified,XXX-XX-2060
449,ORG-0006,Ayaan Joshi,621671145601,TVUFX2630K,,5 years,verified,XXX-XX-1917
450,ORG-0008,Riya Malhotra,527198271925,HTTBE5025S,,1 year,verified,XXX-XX-6224
451,ORG-0002,Reyansh Gupta,910152455815,XUFTY4076P,,5 years,expired,XXX-XX-9424
452,ORG-0005,Rohan Mishra,625365617107,XNMCC7608K,,10 years,pending,XXX-XX-4171
453,ORG-0002,Suresh Naidu,525351365110,TUWTV1996Z,,5 years,pending,XXX-XX-5306
454,ORG-0008,Sita Menon,633783357094,BKQCO7072W,,5 years,verified,XXX-XX-6273
455,ORG-0007,Meera Krishnamurthy,835125812348,SMZAY6694I,,10 years,expired,XXX-XX-1971
456,ORG-0002,Vivaan Patel,723911737410,DHFBO2572Q,,1 year,pending,XXX-XX-2114
457,ORG-0006,Geetha Raghavan,794814436729,TADLN3405Q,,10 years,expired,XXX-XX-1525
458,ORG-0009,Geetha Raghavan,774567597577,WCXTU9774I,,3 years,failed,XXX-XX-2196
459,ORG-0003,Rohan Mishra,747798426304,IDWTV7562S,,10 years,pending,XXX-XX-4094
460,ORG-0003,Reyansh Gupta,610687593324,FHLGH9231O,,7 years,verified,XXX-XX-8273
461,ORG-0004,Myra Chatterjee,243238019715,TDMTL7319Z,,7 years,failed,XXX-XX-9335
462,ORG-0002,Aadhya Rao,208483984835,ZCQLP0978B,,3 years,pending,XXX-XX-1151
463,ORG-0003,Neha Saxena,414052726842,ENDCL8114J,,5 years,failed,XXX-XX-6260
464,ORG-0001,Meera Krishnamurthy,238089035517,AXCBD9448O,,10 years,verified,XXX-XX-6102
465,ORG-0008,Priya Verma,616367478127,DYFBX0481H,,5 years,failed,XXX-XX-8571
466,ORG-0010,Neha Saxena,671465909306,FEDAZ2304L,,10 years,expired,XXX-XX-8407
467,ORG-0004,Aadhya Rao,651279382845,ORRHY5036R,,3 years,expired,XXX-XX-2820
468,ORG-0002,Kavya Pillai,613459991886,NDRAG7361Q,,10 years,failed,XXX-XX-9838
469,ORG-0004,Amit Choudhury,431166871964,WHYLJ3544K,,5 years,verified,XXX-XX-2226
470,ORG-0005,Amit Choudhury,627507141998,ZKELM5232I,,7 years,verified,XXX-XX-3487
471,ORG-0004,Aadhya Rao,467013164624,DTLBY9329M,,5 years,verified,XXX-XX-8643
472,ORG-0007,Riya Malhotra,486772196531,WRVLN0178X,,5 years,failed,XXX-XX-7875
473,ORG-0005,Diya Kapoor,307452429842,POPLB6579S,2023-05-04 11:37:43,10 years,expired,XXX-XX-7451
474,ORG-0001,Diya Kapoor,985598676055,AYCLZ0483V,,3 years,failed,XXX-XX-8307
475,ORG-0001,Ananya Desai,966715867775,EMCHT5893J,,1 year,expired,XXX-XX-6126
476,ORG-0010,Priya Verma,472843431102,EINPJ7536G,2025-12-28 19:58:56,7 years,failed,XXX-XX-3388
477,ORG-0006,Kavya Pillai,739198825094,LBOGA4892H,,3 years,pending,XXX-XX-1203
478,ORG-0005,Ayaan Joshi,284459115353,XKGHZ8439H,,5 years,verified,XXX-XX-3203
479,ORG-0006,Geetha Raghavan,575099751820,JSZFO2844S,,3 years,verified,XXX-XX-8347
480,ORG-0009,Rohan Mishra,284703922805,PLTCM2456K,,10 years,expired,XXX-XX-3363
481,ORG-0009,Karan Banerjee,789075700414,FZUCF0973D,,10 years,expired,XXX-XX-7677
482,ORG-0007,Amit Choudhury,913037841428,ZQIBQ2805V,,3 years,verified,XXX-XX-9669
483,ORG-0001,Aarav Sharma,730958916121,IWXTL5878F,,7 years,verified,XXX-XX-1635
484,ORG-0009,Radha Venkatesh,383231594693,XYYPM7960H,,3 years,expired,XXX-XX-4085
485,ORG-0007,Vivaan Patel,709486758061,XOSPM7621Y,,7 years,expired,XXX-XX-8129
486,ORG-0007,Aditya Reddy,901563977651,BYHTX9567R,2023-09-13 12:12:22,10 years,verified,XXX-XX-8107
487,ORG-0009,Neha Saxena,456024123742,OPBLG9129V,,5 years,pending,XXX-XX-7388
488,ORG-0004,Diya Kapoor,801268458627,WTHAN8381Y,,10 years,verified,XXX-XX-7479
489,ORG-0001,Amit Choudhury,916011705174,YSSGR2827M,,3 years,verified,XXX-XX-9158
490,ORG-0004,Arjun Kumar,241281782646,DPBPY9770A,,5 years,failed,XXX-XX-3875
491,ORG-0006,Aadhya Rao,590395263703,LVPGR1531C,,10 years,verified,XXX-XX-3783
492,ORG-0006,Diya Kapoor,211235871265,OBQJS6264X,,7 years,failed,XXX-XX-6654
493,ORG-0008,Priya Verma,448227932176,LHBLW8891U,,7 years,expired,XXX-XX-7844
494,ORG-0008,Deepak Pandey,943333722111,WRQJR8733M,,1 year,expired,XXX-XX-5920
495,ORG-0010,Sara Bose,213869490257,EZRCU4714O,,3 years,expired,XXX-XX-6180
496,ORG-0010,Sita Menon,267008083929,DFVHT9584W,,5 years,verified,XXX-XX-3618
497,ORG-0003,Sai Nair,819456628213,YXCAE8447S,,5 years,expired,XXX-XX-3979
498,ORG-0008,Radha Venkatesh,299589801330,DZUFU3790T,,7 years,verified,XXX-XX-7844
499,ORG-0003,Diya Kapoor,612594902344,LBTJV0519T,2025-03-20 00:19:24,3 years,expired,XXX-XX-7226
500,ORG-0007,Vivaan Patel,663887439759,MGXBZ6351Z,,1 year,pending,XXX-XX-2219
501,ORG-0003,Diya Kapoor,318780088613,QWLHZ6601X,,3 years,verified,XXX-XX-2500
502,ORG-0001,Sara Bose,527361874741,TPWJF5092R,,3 years,verified,XXX-XX-2241
503,ORG-0004,Sai Nair,772382462236,GAXGJ7003X,2024-05-30 02:43:48,7 years,verified,XXX-XX-2445
504,ORG-0006,Riya Malhotra,766957338337,MOTFS1648K,,7 years,expired,XXX-XX-8608
505,ORG-0008,Arjun Kumar,473987381342,VXDCG0313A,,3 years,failed,XXX-XX-5549
506,ORG-0004,Reyansh Gupta,964484631977,PDNJZ2496K,,10 years,expired,XXX-XX-2996
507,ORG-0010,Arjun Kumar,633615403295,RXXJZ2376E,,10 years,pending,XXX-XX-4883
508,ORG-0004,Priya Verma,983831354990,SBKFZ7737P,,1 year,failed,XXX-XX-6835
509,ORG-0010,Priya Verma,479438281963,HBXPZ5237A,,3 years,pending,XXX-XX-5851
510,ORG-0001,Aarav Sharma,804916557127,HSLCS1918R,,3 years,failed,XXX-XX-7144
511,ORG-0009,Aarav Sharma,863380255803,SDBBE1592Y,,5 years,failed,XXX-XX-2329
512,ORG-0007,Ananya Desai,345563188416,XGGPA0820H,,3 years,pending,XXX-XX-9201
513,ORG-0006,Ananya Desai,876074665050,FPABS8583E,,10 years,failed,XXX-XX-5352
514,ORG-0009,Diya Kapoor,812633212061,QNKCD0878G,,5 years,pending,XXX-XX-5970
515,ORG-0006,Aadhya Rao,262882008826,YKILT7945Z,,3 years,verified,XXX-XX-2757
516,ORG-0001,Geetha Raghavan,268993351021,ELWBI4078J,,7 years,pending,XXX-XX-2971
517,ORG-0001,Radha Venkatesh,911748620503,RFKLA0441A,,1 year,verified,XXX-XX-5601
518,ORG-0005,Deepak Pandey,922691689056,WOSFW8035O,,10 years,pending,XXX-XX-7115
519,ORG-0006,Deepak Pandey,436453971681,RKYBT2196O,,3 years,verified,XXX-XX-6627
520,ORG-0009,Sita Menon,455817182609,KCNAQ1096F,,5 years,expired,XXX-XX-2915
521,ORG-0006,Deepak Pandey,753635769264,ESTAZ9749W,,3 years,expired,XXX-XX-5962
522,ORG-0004,Kavya Pillai,391022860418,YRATJ3336P,,10 years,verified,XXX-XX-9050
523,ORG-0001,Priya Verma,732477745898,RZJJY9450X,,1 year,expired,XXX-XX-7223
524,ORG-0006,Ayaan Joshi,903782401876,YLNJI6396B,,1 year,expired,XXX-XX-3849
525,ORG-0008,Ishaan Mehta,406469042371,REJGF2854W,,1 year,verified,XXX-XX-3694
526,ORG-0003,Arjun Kumar,243605661423,OKBGV3499E,,3 years,verified,XXX-XX-4060
527,ORG-0004,Aadhya Rao,754965102370,KJNAD5253Z,,3 years,expired,XXX-XX-4498
528,ORG-0004,Karan Banerjee,942156806814,TMZBS1646H,,7 years,verified,XXX-XX-8075
529,ORG-0001,Geetha Raghavan,770693687162,UXQCH5274A,,10 years,verified,XXX-XX-3384
530,ORG-0001,Diya Kapoor,634893533959,KWRPV6654C,,5 years,verified,XXX-XX-5122
531,ORG-0005,Sita Menon,685293219134,RHPFY6786G,,5 years,failed,XXX-XX-4349
532,ORG-0008,Riya Malhotra,417225638830,KSYJR3201M,,7 years,verified,XXX-XX-2090
533,ORG-0004,Meera Krishnamurthy,694952510498,PMKBE1380C,,10 years,failed,XXX-XX-3087
534,ORG-0002,Sita Menon,828503624262,OGOFE0571M,,10 years,verified,XXX-XX-3627
535,ORG-0002,Riya Malhotra,681242689209,RLWLO2107O,,7 years,expired,XXX-XX-1377
536,ORG-0009,Suresh Naidu,626483053423,DCVLF7234H,,3 years,expired,XXX-XX-8695
537,ORG-0001,Karan Banerjee,560705304442,LJGGP1255Q,,1 year,expired,XXX-XX-6973
538,ORG-0001,Suresh Naidu,509060094280,HXFGF5200U,,3 years,failed,XXX-XX-9977
539,ORG-0008,Sara Bose,428170181143,TSDCH7312A,,1 year,expired,XXX-XX-3211
540,ORG-0003,Vivaan Patel,911885221120,QTBLE0476M,,7 years,expired,XXX-XX-9514
541,ORG-0006,Meera Krishnamurthy,875454825322,PKJHA3104U,,7 years,pending,XXX-XX-5947
542,ORG-0007,Ayaan Joshi,402444484406,YXXGL0436N,2023-08-26 11:52:32,10 years,expired,XXX-XX-1663
543,ORG-0008,Aditya Reddy,733501750562,JLITO3338S,,7 years,expired,XXX-XX-8100
544,ORG-0009,Vivaan Patel,391837761714,QHFAJ0141Z,,3 years,expired,XXX-XX-9962
545,ORG-0010,Krishna Iyer,500824049942,CLXTX9892R,,5 years,failed,XXX-XX-9629
546,ORG-0003,Karan Banerjee,687284293994,BPUGD8582H,,3 years,verified,XXX-XX-9883
547,ORG-0009,Diya Kapoor,874301490385,LVEJA3334P,,7 years,pending,XXX-XX-7640
548,ORG-0007,Geetha Raghavan,526113300706,OMCCB0119L,,5 years,verified,XXX-XX-1662
549,ORG-0003,Radha Venkatesh,630596811394,CPQPC8206I,,10 years,verified,XXX-XX-9133
550,ORG-0010,Ayaan Joshi,608668352741,UGZGV3211C,2022-08-30 04:06:28,3 years,pending,XXX-XX-2203
551,ORG-0005,Suresh Naidu,765741695598,FMACM1008I,,7 years,expired,XXX-XX-7512
552,ORG-0006,Aadhya Rao,487769781811,GCWHE0154I,,3 years,expired,XXX-XX-1629
553,ORG-0001,Rohan Mishra,778304852364,TNNPS6649Z,2025-04-25 17:18:34,7 years,verified,XXX-XX-5661
554,ORG-0006,Aarav Sharma,859084485983,FGXAH6530H,2024-07-09 07:25:00,7 years,verified,XXX-XX-2246
555,ORG-0005,Kavya Pillai,808777764558,OUWLR7160N,2025-08-17 07:30:01,1 year,pending,XXX-XX-5230
556,ORG-0003,Karan Banerjee,664921093553,BZWAH0772F,,7 years,failed,XXX-XX-2989
557,ORG-0009,Suresh Naidu,954673018525,AXUBC1356G,,5 years,verified,XXX-XX-6573
558,ORG-0007,Meera Krishnamurthy,815821677097,FRXJR7361B,2023-01-21 00:36:22,1 year,failed,XXX-XX-6549
559,ORG-0007,Deepak Pandey,298085511499,SIQAZ8338J,2022-08-07 01:19:42,3 years,failed,XXX-XX-7219
560,ORG-0003,Krishna Iyer,789934740219,CDNTD3023D,,3 years,verified,XXX-XX-4793
561,ORG-0001,Krishna Iyer,685588556258,HXTAJ9462B,,1 year,verified,XXX-XX-2750
562,ORG-0008,Vivaan Patel,984119823195,SCVJG7178V,,7 years,verified,XXX-XX-9568
563,ORG-0005,Riya Malhotra,542463821943,PHQBW4649M,,5 years,pending,XXX-XX-4020
564,ORG-0010,Vihaan Singh,510977612958,QSVAN1217Z,,5 years,failed,XXX-XX-7735
565,ORG-0007,Karan Banerjee,642623886496,LGLCB7875G,,5 years,pending,XXX-XX-5643
566,ORG-0005,Sai Nair,874704322883,ZHMJE0242R,,3 years,verified,XXX-XX-5385
567,ORG-0006,Neha Saxena,662677058224,VTRPT5996Q,2022-02-10 10:49:44,10 years,expired,XXX-XX-6591
568,ORG-0001,Priya Verma,517746214869,OCMFH3837R,,3 years,expired,XXX-XX-1269
569,ORG-0002,Vihaan Singh,428249069415,TFCGA9496O,,1 year,failed,XXX-XX-4878
570,ORG-0010,Vihaan Singh,387567065660,AVVFZ4305S,,7 years,failed,XXX-XX-6847
571,ORG-0008,Kavya Pillai,400602117713,FDLJH6077L,,5 years,expired,XXX-XX-3521
572,ORG-0002,Lakshmi Sundaram,440356817212,CFVGW5569S,,10 years,failed,XXX-XX-8422
573,ORG-0003,Lakshmi Sundaram,594672227706,KJNBS1692W,,1 year,expired,XXX-XX-7465
574,ORG-0010,Amit Choudhury,401872085056,CNCGK5804G,,3 years,verified,XXX-XX-9486
575,ORG-0003,Pooja Thakur,907573128077,UURAC3785C,,7 years,verified,XXX-XX-8192
576,ORG-0009,Rohan Mishra,706901331966,TGCCT6525Y,2022-12-26 09:32:39,1 year,failed,XXX-XX-7216
577,ORG-0008,Vivaan Patel,840068360728,DJDLE7593B,,3 years,expired,XXX-XX-1686
578,ORG-0009,Amit Choudhury,260248567061,QYYCE0201M,,10 years,verified,XXX-XX-9671
579,ORG-0001,Krishna Iyer,696548217165,KGRCW4675U,,5 years,expired,XXX-XX-5875
580,ORG-0003,Aarav Sharma,587178419243,BKYLF3778B,,3 years,failed,XXX-XX-6569
581,ORG-0009,Karan Banerjee,429900342251,VNXFX1265I,,3 years,expired,XXX-XX-2008
582,ORG-0006,Vivaan Patel,660829273829,ISKFZ1105Q,,1 year,verified,XXX-XX-4254
583,ORG-0004,Riya Malhotra,361243288794,XPNHM0987X,,1 year,verified,XXX-XX-4028
584,ORG-0004,Lakshmi Sundaram,290171159238,MSGGT1740T,,7 years,failed,XXX-XX-6665
585,ORG-0003,Radha Venkatesh,206886512252,IADLG1796Q,,3 years,expired,XXX-XX-5505
586,ORG-0006,Ananya Desai,802077159039,AUGLN4706D,,7 years,verified,XXX-XX-1690
587,ORG-0004,Geetha Raghavan,252380801439,TCEFI8385F,,1 year,expired,XXX-XX-8950
588,ORG-0007,Suresh Naidu,469829135797,UIGPX8102L,,1 year,verified,XXX-XX-2678
589,ORG-0006,Aadhya Rao,260357821094,ZPETW5946Z,,5 years,expired,XXX-XX-2468
590,ORG-0009,Ishaan Mehta,453392310534,QZFCG1882Y,,7 years,expired,XXX-XX-1897
591,ORG-0007,Pooja Thakur,294317904731,YSNFK6632Q,,10 years,verified,XXX-XX-5664
592,ORG-0001,Radha Venkatesh,798116635812,PJRLV2733N,,3 years,verified,XXX-XX-8895
593,ORG-0007,Vihaan Singh,478339187313,PUWGU8881Y,,1 year,expired,XXX-XX-7400
594,ORG-0007,Aditya Reddy,219320168804,YJBGC2683O,,3 years,pending,XXX-XX-8263
595,ORG-0007,Rohan Mishra,403628453090,XSTLV1107X,,7 years,expired,XXX-XX-1781
596,ORG-0003,Riya Malhotra,372355012293,YISCG3915C,,3 years,pending,XXX-XX-2665
597,ORG-0002,Pooja Thakur,401725614535,DFBPJ3571S,,3 years,expired,XXX-XX-5817
598,ORG-0009,Vivaan Patel,342046835996,TMNCC0104S,,3 years,verified,XXX-XX-4168
599,ORG-0005,Neha Saxena,815747624884,OWWCR6302Y,,1 year,expired,XXX-XX-9922
600,ORG-0007,Myra Chatterjee,347492471730,AOCCF2360M,,5 years,verified,XXX-XX-6489
601,ORG-0009,Aadhya Rao,364106905332,LPBTR7246J,,1 year,pending,XXX-XX-3078
602,ORG-0001,Geetha Raghavan,779628477295,QHPTQ5003U,,7 years,verified,XXX-XX-8231
603,ORG-0002,Diya Kapoor,425445919439,CPSJP6458S,,10 years,expired,XXX-XX-3521
604,ORG-0003,Ananya Desai,547756066736,SWRHY9366S,2025-10-10 03:10:17,10 years,pending,XXX-XX-6613
605,ORG-0006,Krishna Iyer,615431861290,RTWLH8199D,,3 years,failed,XXX-XX-2304
606,ORG-0006,Sai Nair,779193919265,IPRBH8917L,,7 years,failed,XXX-XX-7328
607,ORG-0009,Ananya Desai,267722036883,VBVJT4057S,,1 year,verified,XXX-XX-6967
608,ORG-0004,Myra Chatterjee,602182216247,SYCLO8092E,,1 year,failed,XXX-XX-2427
609,ORG-0001,Suresh Naidu,713596556876,AJGPQ5748K,,7 years,expired,XXX-XX-1956
610,ORG-0006,Geetha Raghavan,874421433766,OIPHZ8782Q,,10 years,verified,XXX-XX-2359
611,ORG-0007,Ananya Desai,218808326292,DWWBZ3323P,2023-02-22 20:40:27,10 years,pending,XXX-XX-2644
612,ORG-0005,Ishaan Mehta,685359448923,LQLGU4718X,,5 years,failed,XXX-XX-4426
613,ORG-0002,Neha Saxena,581587102182,AHCLX0022F,,10 years,expired,XXX-XX-6652
614,ORG-0001,Kavya Pillai,474761134291,OGDCS9365Y,,7 years,expired,XXX-XX-4950
615,ORG-0002,Myra Chatterjee,251414061775,YRZAK1199G,,3 years,verified,XXX-XX-7997
616,ORG-0006,Karan Banerjee,362521672584,FOILD4678H,,7 years,failed,XXX-XX-5049
617,ORG-0001,Riya Malhotra,722876714880,LEEBF0294Q,,1 year,pending,XXX-XX-9033
618,ORG-0006,Arjun Kumar,510691377018,ABTJT8645S,,3 years,failed,XXX-XX-9426
619,ORG-0006,Sai Nair,563087972238,XQVTK1081G,,10 years,verified,XXX-XX-1374
620,ORG-0003,Rohan Mishra,477530346712,PFALP0646D,,1 year,pending,XXX-XX-3486
621,ORG-0002,Reyansh Gupta,416744606706,CKDCB1747V,,10 years,expired,XXX-XX-5074
622,ORG-0004,Sita Menon,505435648875,CTHBC2766E,,1 year,failed,XXX-XX-3205
623,ORG-0003,Pooja Thakur,630818933788,TAYTT3758Y,2024-07-18 03:09:17,3 years,expired,XXX-XX-6882
624,ORG-0009,Ananya Desai,737182071143,BDPJH5216O,,1 year,expired,XXX-XX-7982
625,ORG-0010,Aarav Sharma,821269328860,QFSGB2169M,,10 years,expired,XXX-XX-7038
626,ORG-0007,Radha Venkatesh,663573289288,DVMAD0017D,2022-02-24 23:50:26,10 years,pending,XXX-XX-2644
627,ORG-0008,Myra Chatterjee,670155586412,ASZAO0541B,,3 years,failed,XXX-XX-2305
628,ORG-0001,Lakshmi Sundaram,635238170514,NNJLW4201A,,3 years,expired,XXX-XX-3565
629,ORG-0008,Sita Menon,688413021807,BGKBJ9600D,2025-04-20 15:42:29,1 year,failed,XXX-XX-1611
630,ORG-0001,Deepak Pandey,655907786204,GZBCB2605U,,7 years,expired,XXX-XX-9670
631,ORG-0008,Rohan Mishra,561568352433,CFHAP4221K,,3 years,failed,XXX-XX-2866
632,ORG-0010,Aadhya Rao,208288912043,XVCLB8666V,,1 year,verified,XXX-XX-4853
633,ORG-0006,Karan Banerjee,998040855265,AVBPM8317O,,5 years,pending,XXX-XX-8214
634,ORG-0009,Diya Kapoor,995005436818,EOHLC7695P,,10 years,failed,XXX-XX-3709
635,ORG-0010,Karan Banerjee,855475994621,PFDBZ5144R,,3 years,expired,XXX-XX-5654
636,ORG-0009,Kavya Pillai,533195866160,XYSGT3579N,2024-07-16 16:19:09,1 year,expired,XXX-XX-1190
637,ORG-0003,Kavya Pillai,711937845158,OUFPM5568E,,7 years,expired,XXX-XX-3479
638,ORG-0009,Aadhya Rao,346022857738,TPVFW4244A,,3 years,verified,XXX-XX-5169
639,ORG-0006,Kavya Pillai,347793974265,LQWGI0540Y,,1 year,pending,XXX-XX-5238
640,ORG-0010,Kavya Pillai,259784500250,ZUVTF9695T,,10 years,pending,XXX-XX-7485
641,ORG-0010,Kavya Pillai,935568359805,DDPCB8792M,,1 year,failed,XXX-XX-2857
642,ORG-0002,Priya Verma,347257534296,QCPHL5300U,,5 years,pending,XXX-XX-5894
643,ORG-0009,Riya Malhotra,612338775441,BUGAZ9384O,,1 year,expired,XXX-XX-6054
644,ORG-0006,Ayaan Joshi,578018378781,EKSAD3362B,2025-10-14 13:10:54,3 years,verified,XXX-XX-3865
645,ORG-0003,Ishaan Mehta,497486447634,CESBC3959R,,7 years,verified,XXX-XX-1100
646,ORG-0009,Aarav Sharma,345379181596,LUAGO1778U,,1 year,pending,XXX-XX-2817
647,ORG-0003,Vivaan Patel,552742353705,OZQHI9116W,,10 years,failed,XXX-XX-5148
648,ORG-0006,Meera Krishnamurthy,606433631189,CYEJJ7679V,,1 year,expired,XXX-XX-8182
649,ORG-0007,Suresh Naidu,522674085318,BMSPB8079B,,3 years,verified,XXX-XX-7334
650,ORG-0010,Meera Krishnamurthy,535828323091,SQCBW8455C,,5 years,pending,XXX-XX-5568
651,ORG-0005,Krishna Iyer,724825306274,OARHH6159Q,,10 years,expired,XXX-XX-7972
652,ORG-0010,Neha Saxena,487539478186,RGGBX9597F,,3 years,pending,XXX-XX-8365
653,ORG-0003,Neha Saxena,527116509180,FEWAW5911D,2023-04-17 05:56:00,1 year,verified,XXX-XX-9552
654,ORG-0007,Aadhya Rao,830085896713,OVELZ0078J,,3 years,verified,XXX-XX-9361
655,ORG-0001,Meera Krishnamurthy,927751349367,CATAO8413I,,10 years,expired,XXX-XX-8168
656,ORG-0002,Ananya Desai,290483209337,WSSFJ0433S,,10 years,expired,XXX-XX-1687
657,ORG-0009,Pooja Thakur,235142537544,KLAFR4585P,,7 years,verified,XXX-XX-6965
658,ORG-0001,Diya Kapoor,814043620047,SZLPS5833C,,1 year,failed,XXX-XX-3280
659,ORG-0002,Meera Krishnamurthy,935914207436,EBOPE2659N,,3 years,pending,XXX-XX-8823
660,ORG-0006,Neha Saxena,348892721830,HMVHN7181L,,1 year,verified,XXX-XX-1815
661,ORG-0002,Rohan Mishra,827320182898,NXPGA0469Q,,5 years,expired,XXX-XX-4938
662,ORG-0002,Arjun Kumar,809597007969,TBDHA6881V,2023-01-16 13:05:47,1 year,failed,XXX-XX-4725
663,ORG-0008,Vivaan Patel,410043092792,CNUPW3281S,,7 years,pending,XXX-XX-7752
664,ORG-0006,Arjun Kumar,624180679923,INFBB2035T,,3 years,verified,XXX-XX-8672
665,ORG-0005,Reyansh Gupta,745828154257,BLFPH9989Q,,5 years,pending,XXX-XX-6208
666,ORG-0004,Myra Chatterjee,641034420366,JJKFS1855K,,5 years,verified,XXX-XX-1696
667,ORG-0008,Rohan Mishra,676680017907,ZAIGW9607F,,7 years,failed,XXX-XX-4830
668,ORG-0006,Lakshmi Sundaram,660100143752,WBELY8901G,,3 years,failed,XXX-XX-5253
669,ORG-0008,Rohan Mishra,702947784591,SPJAH6809J,,10 years,pending,XXX-XX-5981
670,ORG-0001,Reyansh Gupta,303984567059,QXYHT6153Y,,5 years,failed,XXX-XX-3400
671,ORG-0001,Diya Kapoor,800955634985,BOSJI0624I,,3 years,pending,XXX-XX-4175
672,ORG-0010,Geetha Raghavan,636980347837,AEJAC4931M,,1 year,expired,XXX-XX-9802
673,ORG-0005,Sai Nair,266572230072,OQXAL2695N,,3 years,verified,XXX-XX-3481
674,ORG-0002,Aditya Reddy,832192699477,ZOZJK8805S,,5 years,pending,XXX-XX-7475
675,ORG-0001,Ayaan Joshi,548106431294,XSDJD0317R,2023-01-23 13:44:10,1 year,pending,XXX-XX-2106
676,ORG-0006,Sita Menon,359765475234,OCPHS7647D,,10 years,verified,XXX-XX-1824
677,ORG-0006,Sita Menon,547680961947,ENIGB6917P,,1 year,pending,XXX-XX-4502
678,ORG-0010,Ishaan Mehta,468261224224,DTNBC4936G,,3 years,verified,XXX-XX-3090
679,ORG-0001,Rohan Mishra,592718143966,CJFCQ0302G,2022-04-28 11:45:50,10 years,pending,XXX-XX-8208
680,ORG-0008,Aadhya Rao,735627669060,VZBGM8095Q,,1 year,failed,XXX-XX-5062
681,ORG-0009,Lakshmi Sundaram,603158214537,OJVLO9802M,,1 year,expired,XXX-XX-6931
682,ORG-0006,Vivaan Patel,657730931374,SOIGU6118M,,1 year,verified,XXX-XX-5841
683,ORG-0003,Krishna Iyer,576979536156,NXBJT9679E,,5 years,verified,XXX-XX-7230
684,ORG-0005,Ayaan Joshi,558879249861,JGGFB8208V,,7 years,verified,XXX-XX-7125
685,ORG-0005,Diya Kapoor,973664747793,SYXHG3234I,,10 years,expired,XXX-XX-2041
686,ORG-0007,Reyansh Gupta,611206038695,NVELT1733J,,3 years,verified,XXX-XX-4924
687,ORG-0001,Aadhya Rao,613792392994,QPGCN8333W,,7 years,expired,XXX-XX-4604
688,ORG-0008,Ayaan Joshi,396056198915,DJOBR2139I,,3 years,expired,XXX-XX-9281
689,ORG-0008,Krishna Iyer,686604616807,NUWCH9414V,,3 years,pending,XXX-XX-8668
690,ORG-0001,Vihaan Singh,696077889095,JQRAB0181E,2023-01-17 10:29:42,3 years,verified,XXX-XX-7970
691,ORG-0001,Pooja Thakur,625772386417,ADJHL7539A,,3 years,expired,XXX-XX-5032
692,ORG-0006,Arjun Kumar,793862216746,SENTF0346Z,,5 years,pending,XXX-XX-3116
693,ORG-0004,Sara Bose,803039545345,YTUFM0013L,,10 years,pending,XXX-XX-3996
694,ORG-0002,Geetha Raghavan,968472874378,DFZFW9117A,,10 years,failed,XXX-XX-5157
695,ORG-0003,Diya Kapoor,476681943863,ZFRLH8678H,2025-08-19 03:34:03,5 years,expired,XXX-XX-9057
696,ORG-0005,Vihaan Singh,506253151800,UERPZ2357V,,1 year,failed,XXX-XX-5535
697,ORG-0008,Vivaan Patel,735796347056,XILAS9075G,,7 years,expired,XXX-XX-6861
698,ORG-0003,Vivaan Patel,988019608411,RDBFS2796O,,7 years,expired,XXX-XX-1595
699,ORG-0010,Neha Saxena,921440671664,AYSPR6642U,,10 years,failed,XXX-XX-4326
700,ORG-0002,Pooja Thakur,363305753217,EPJAY3822U,,5 years,expired,XXX-XX-1112
701,ORG-0001,Aarav Sharma,445336445593,XCVLL4923A,,5 years,failed,XXX-XX-4614
702,ORG-0008,Reyansh Gupta,253241408534,OJIAW3403D,,3 years,expired,XXX-XX-7775
703,ORG-0004,Sara Bose,620325887631,HRGHY2997J,,1 year,failed,XXX-XX-2987
704,ORG-0007,Riya Malhotra,572782428827,NRRPF1034T,,3 years,failed,XXX-XX-2634
705,ORG-0004,Sai Nair,399740187435,WJHLL3817B,,1 year,failed,XXX-XX-5557
706,ORG-0010,Sara Bose,630720088179,FWILL5515U,,7 years,verified,XXX-XX-8049
707,ORG-0002,Sita Menon,592322330258,JXHCG8161H,,7 years,failed,XXX-XX-4000
708,ORG-0005,Sara Bose,560245568386,VAUHW7183S,,3 years,verified,XXX-XX-8983
709,ORG-0008,Radha Venkatesh,602938027890,EVPGN3177Y,,3 years,pending,XXX-XX-4293
710,ORG-0003,Neha Saxena,462114928227,GMBBV9738O,,3 years,expired,XXX-XX-6691
711,ORG-0006,Ayaan Joshi,216209975242,GFSCB1209S,,1 year,verified,XXX-XX-8441
712,ORG-0003,Sai Nair,428087928474,CXQJK8468F,,1 year,expired,XXX-XX-6894
713,ORG-0009,Ayaan Joshi,916638015857,RKTGW2579P,,3 years,expired,XXX-XX-2250
714,ORG-0003,Vihaan Singh,409145236494,PRXBO8846Z,,3 years,pending,XXX-XX-6775
715,ORG-0002,Riya Malhotra,661387411438,GFLCA3213M,,5 years,expired,XXX-XX-4151
716,ORG-0004,Deepak Pandey,268223883842,PXAJA8036Y,,5 years,verified,XXX-XX-6131
717,ORG-0004,Meera Krishnamurthy,946936295328,EXMCF9500M,,1 year,pending,XXX-XX-3192
718,ORG-0001,Rohan Mishra,759120997214,ITSLH4471N,,10 years,failed,XXX-XX-3947
719,ORG-0001,Sara Bose,806606317259,WBOFW8061E,2022-12-21 02:23:47,5 years,verified,XXX-XX-7102
720,ORG-0009,Arjun Kumar,855920713502,IHDAB7199P,,10 years,expired,XXX-XX-5006
721,ORG-0006,Neha Saxena,779628771417,HEPLZ1013C,2022-12-01 19:16:34,3 years,verified,XXX-XX-5610
722,ORG-0008,Neha Saxena,308484692604,ESCPA0840W,,1 year,verified,XXX-XX-1088
723,ORG-0006,Sita Menon,575138063124,NGSHR6986V,,10 years,verified,XXX-XX-1977
724,ORG-0008,Myra Chatterjee,814422892864,KUYFP4756U,,7 years,pending,XXX-XX-7515
725,ORG-0008,Vihaan Singh,543700151977,DRWFL8468Q,,1 year,expired,XXX-XX-8901
726,ORG-0008,Myra Chatterjee,364635085164,GUQJT4445D,,10 years,expired,XXX-XX-9736
727,ORG-0004,Kavya Pillai,634707773688,NTPHS8143Q,,3 years,failed,XXX-XX-6343
728,ORG-0004,Pooja Thakur,666042180246,TKPGC7530A,,10 years,expired,XXX-XX-6029
729,ORG-0008,Krishna Iyer,768229165347,GVNHG3581M,,10 years,verified,XXX-XX-5345
730,ORG-0005,Ananya Desai,271688318919,DLKGR6081R,,5 years,verified,XXX-XX-4628
731,ORG-0001,Kavya Pillai,588338567284,ZOKFA1979B,2022-04-05 21:22:46,7 years,expired,XXX-XX-2668
732,ORG-0010,Radha Venkatesh,760932571451,VZLTB5470D,,3 years,expired,XXX-XX-1572
733,ORG-0001,Vihaan Singh,548129391502,MRYPM8330E,,3 years,verified,XXX-XX-6301
734,ORG-0006,Pooja Thakur,881971810292,QHUGP3932Z,,10 years,pending,XXX-XX-8161
735,ORG-0006,Sai Nair,388534013317,SWPAX2110C,,7 years,pending,XXX-XX-3345
736,ORG-0008,Priya Verma,442676573310,REVCW8115P,,1 year,expired,XXX-XX-2090
737,ORG-0001,Ananya Desai,256352422329,UHWGD8815W,,10 years,expired,XXX-XX-4267
738,ORG-0005,Ishaan Mehta,502501548022,VNPCN9558Z,,1 year,failed,XXX-XX-3852
739,ORG-0008,Kavya Pillai,912516316482,FIFPB1514P,,5 years,expired,XXX-XX-9135
740,ORG-0002,Deepak Pandey,943185032359,OXQLI9365Z,2022-03-17 03:03:34,10 years,failed,XXX-XX-8859
741,ORG-0004,Riya Malhotra,252971754593,EHHPY5698T,,10 years,failed,XXX-XX-8176
742,ORG-0003,Kavya Pillai,788373597804,DLPPT6660E,,10 years,pending,XXX-XX-8403
743,ORG-0002,Aadhya Rao,297592302946,TEZPD0762Q,,7 years,verified,XXX-XX-2342
744,ORG-0010,Ayaan Joshi,980930876994,SQEBO4035N,,10 years,pending,XXX-XX-4621
745,ORG-0006,Aditya Reddy,775079083137,TDOTC0958P,,5 years,failed,XXX-XX-2986
746,ORG-0004,Deepak Pandey,800587870382,HSFBK9752Y,,7 years,verified,XXX-XX-4555
747,ORG-0006,Neha Saxena,852267659981,LJYJV2688H,,10 years,pending,XXX-XX-6850
748,ORG-0006,Meera Krishnamurthy,312360152444,WOKLN0925M,,5 years,verified,XXX-XX-7753
749,ORG-0002,Vivaan Patel,366938386289,BJDFV5042I,,7 years,pending,XXX-XX-7917
750,ORG-0003,Sita Menon,322217232043,UKKTU9951R,,5 years,expired,XXX-XX-5417
751,ORG-0006,Suresh Naidu,717875814488,AZUPD7788Y,,1 year,pending,XXX-XX-5998
752,ORG-0004,Riya Malhotra,352463572248,AGGAT0993Q,,7 years,verified,XXX-XX-4052
753,ORG-0009,Arjun Kumar,812102618860,SJMAI7006W,,5 years,verified,XXX-XX-4524
754,ORG-0003,Krishna Iyer,792506739911,HYAPP1329N,,3 years,failed,XXX-XX-2280
755,ORG-0008,Lakshmi Sundaram,671086610568,AHNBW3005O,,3 years,verified,XXX-XX-3481
756,ORG-0001,Vivaan Patel,772841519501,MPABP2379A,,3 years,expired,XXX-XX-2465
757,ORG-0004,Suresh Naidu,261028574033,DDUGK8724D,,1 year,pending,XXX-XX-9964
758,ORG-0002,Priya Verma,243491238912,JCKCK1920X,,1 year,failed,XXX-XX-5998
759,ORG-0008,Meera Krishnamurthy,983064632142,QPHPA9623W,,10 years,failed,XXX-XX-2834
760,ORG-0007,Vivaan Patel,415195908548,THPPN2579Q,,3 years,pending,XXX-XX-8595
761,ORG-0007,Vivaan Patel,252407469915,AHWCC4047Y,,3 years,expired,XXX-XX-3094
762,ORG-0004,Meera Krishnamurthy,792244951559,ILDAF0174X,,1 year,failed,XXX-XX-6387
763,ORG-0001,Radha Venkatesh,570053779459,PANTC1170C,,3 years,pending,XXX-XX-3275
764,ORG-0008,Reyansh Gupta,975577763576,HZYPN4220T,,10 years,failed,XXX-XX-4590
765,ORG-0004,Sara Bose,387249500666,SIDTZ3912V,2024-01-14 06:20:48,3 years,failed,XXX-XX-7764
766,ORG-0007,Aarav Sharma,939625784105,BDWAZ1796E,,3 years,expired,XXX-XX-5734
767,ORG-0001,Arjun Kumar,815502312964,FIYFL9021D,,10 years,pending,XXX-XX-6439
768,ORG-0002,Kavya Pillai,369679306819,AMEAI4005Q,,1 year,verified,XXX-XX-2470
769,ORG-0003,Reyansh Gupta,459600099701,TLIGJ3086E,,7 years,pending,XXX-XX-5912
770,ORG-0007,Lakshmi Sundaram,210237799388,GJYBP9513D,,3 years,expired,XXX-XX-4002
771,ORG-0007,Aadhya Rao,258733641190,YQLLR4826P,,1 year,pending,XXX-XX-1984
772,ORG-0004,Diya Kapoor,209155431282,VHHLX7591K,,7 years,failed,XXX-XX-6837
773,ORG-0003,Diya Kapoor,651962287172,MFOPE4062H,,10 years,failed,XXX-XX-9199
774,ORG-0009,Meera Krishnamurthy,475285948081,VZECL3628F,,1 year,verified,XXX-XX-7577
775,ORG-0001,Ishaan Mehta,809417839200,SCLTT6908B,,3 years,failed,XXX-XX-8779
776,ORG-0002,Ayaan Joshi,374087507877,WEZHV7997I,2025-08-20 09:54:40,7 years,failed,XXX-XX-6974
777,ORG-0001,Rohan Mishra,309331141589,LTMJT7749D,,10 years,verified,XXX-XX-8700
778,ORG-0003,Arjun Kumar,568592411320,LKWAF7567L,,7 years,verified,XXX-XX-1241
779,ORG-0003,Rohan Mishra,662718918305,ZPTPL8260Z,,5 years,verified,XXX-XX-8158
780,ORG-0010,Amit Choudhury,328937813780,XVKAP9239U,,5 years,pending,XXX-XX-5621
781,ORG-0004,Amit Choudhury,368528520976,PVVHH0193X,,10 years,expired,XXX-XX-5764
782,ORG-0007,Amit Choudhury,528633000173,XKTCP5878D,,3 years,failed,XXX-XX-6258
783,ORG-0002,Arjun Kumar,399302355329,JYBTO1702J,,5 years,failed,XXX-XX-7927
784,ORG-0008,Aadhya Rao,400140513263,NQFAG0395Y,,7 years,failed,XXX-XX-2194
785,ORG-0005,Neha Saxena,776311276414,LOVAO4206M,,3 years,expired,XXX-XX-2107
786,ORG-0004,Ananya Desai,579441625782,PKRAZ2953V,,1 year,failed,XXX-XX-7070
787,ORG-0004,Krishna Iyer,230587457937,WLGAK1634X,,10 years,expired,XXX-XX-9188
788,ORG-0006,Diya Kapoor,618582728485,TDSCB7164D,,7 years,failed,XXX-XX-9029
789,ORG-0007,Pooja Thakur,391171832847,OAEBN9058F,2023-01-05 23:26:36,10 years,verified,XXX-XX-2567
790,ORG-0005,Sai Nair,828058487988,CYLAK6921F,,7 years,pending,XXX-XX-5158
791,ORG-0005,Myra Chatterjee,588457425591,AKYGB1378R,,10 years,pending,XXX-XX-4684
792,ORG-0003,Aadhya Rao,494508133090,OLDLW4331F,,5 years,failed,XXX-XX-4365
793,ORG-0010,Priya Verma,666340848449,JKWCB5695F,,3 years,pending,XXX-XX-2273
794,ORG-0006,Suresh Naidu,682025028318,FAEHC0898L,,1 year,verified,XXX-XX-4706
795,ORG-0006,Ishaan Mehta,776085882766,TGWGH3140R,2025-03-01 23:47:34,3 years,verified,XXX-XX-3069
796,ORG-0005,Suresh Naidu,608077396691,DGMFC4331A,,10 years,failed,XXX-XX-2522
797,ORG-0010,Reyansh Gupta,939013024244,YWHHE6592D,,3 years,verified,XXX-XX-7975
798,ORG-0002,Aadhya Rao,505175282178,BRWHA3271S,,5 years,pending,XXX-XX-1808
799,ORG-0009,Geetha Raghavan,945626162196,NGVHW9757A,,10 years,expired,XXX-XX-9071
800,ORG-0001,Sara Bose,968122155336,QBIPV2405U,,5 years,pending,XXX-XX-9871
801,ORG-0003,Suresh Naidu,767441724677,JYWHX3735F,,5 years,verified,XXX-XX-2741
802,ORG-0009,Sai Nair,776618214527,EAWCZ1905F,,1 year,expired,XXX-XX-7462
803,ORG-0003,Lakshmi Sundaram,904098805413,MHBFT0702L,,10 years,pending,XXX-XX-3203
804,ORG-0003,Ishaan Mehta,909286405467,IHCLB4412W,,5 years,verified,XXX-XX-1241
805,ORG-0010,Ananya Desai,541444121986,UCQTI2041G,,7 years,failed,XXX-XX-5522
806,ORG-0005,Vihaan Singh,544633987462,UPEAI8848D,,7 years,verified,XXX-XX-2417
807,ORG-0008,Pooja Thakur,516015422714,GLIFQ8547A,,5 years,failed,XXX-XX-4692
808,ORG-0007,Lakshmi Sundaram,445241470090,PFWHP7207H,,10 years,verified,XXX-XX-1532
809,ORG-0010,Suresh Naidu,540604640253,XGFAM7078L,,5 years,expired,XXX-XX-8657
810,ORG-0003,Karan Banerjee,874997326580,TOYCO4651Y,,5 years,verified,XXX-XX-8445
811,ORG-0009,Myra Chatterjee,222480822246,NFKJV2847D,,3 years,pending,XXX-XX-4004
812,ORG-0007,Sara Bose,996767464272,RVBJY2438W,,10 years,expired,XXX-XX-7550
813,ORG-0001,Deepak Pandey,776886511422,WKSBR8644G,,1 year,verified,XXX-XX-7589
814,ORG-0003,Riya Malhotra,249518809893,MOKHY2844A,,5 years,failed,XXX-XX-3811
815,ORG-0007,Riya Malhotra,612659286239,RQSBJ3594M,,1 year,failed,XXX-XX-9824
816,ORG-0008,Reyansh Gupta,239592557625,BDWBO7148A,,7 years,failed,XXX-XX-4633
817,ORG-0002,Ananya Desai,216279696009,YUCAT9424B,,10 years,verified,XXX-XX-9480
818,ORG-0002,Aadhya Rao,445641822576,AWLPQ6991U,,5 years,verified,XXX-XX-2233
819,ORG-0007,Kavya Pillai,245158814302,ADATD4689N,,5 years,failed,XXX-XX-5412
820,ORG-0004,Ananya Desai,861296880078,VYDCV8255E,,7 years,failed,XXX-XX-5073
821,ORG-0001,Sai Nair,654872370926,JDTGB3272Y,2024-12-27 14:50:23,5 years,verified,XXX-XX-4982
822,ORG-0007,Lakshmi Sundaram,688518592396,KDFCH4386T,,7 years,failed,XXX-XX-2207
823,ORG-0003,Diya Kapoor,654989102637,EKQAM4049S,,3 years,failed,XXX-XX-7176
824,ORG-0010,Riya Malhotra,457772354957,MMPHY4325B,,5 years,pending,XXX-XX-2567
825,ORG-0006,Reyansh Gupta,595110002668,MKVBZ3620J,,10 years,verified,XXX-XX-4567
826,ORG-0005,Vihaan Singh,228416515564,VJECJ9396B,,3 years,failed,XXX-XX-4803
827,ORG-0001,Riya Malhotra,994919561991,VOZAU9358C,,5 years,pending,XXX-XX-1045
828,ORG-0008,Pooja Thakur,849434767927,WIUGP2739V,,10 years,failed,XXX-XX-7630
829,ORG-0002,Aarav Sharma,244609320561,ZDITX8501P,,7 years,verified,XXX-XX-4110
830,ORG-0005,Deepak Pandey,488382674077,NWUHC9864K,2025-05-30 02:50:30,1 year,failed,XXX-XX-2471
831,ORG-0008,Amit Choudhury,591532390858,JAJBX7084I,,10 years,expired,XXX-XX-6992
832,ORG-0004,Pooja Thakur,390440028036,XDHAY2971C,,1 year,pending,XXX-XX-7268
833,ORG-0007,Suresh Naidu,477059539661,ALOCM3639M,,7 years,pending,XXX-XX-4337
834,ORG-0004,Ananya Desai,810192855070,LBSTR4950V,,10 years,verified,XXX-XX-9861
835,ORG-0005,Geetha Raghavan,501813132307,EKEBD5424V,,3 years,pending,XXX-XX-1296
836,ORG-0006,Ayaan Joshi,964932467860,RDQFC4030T,,3 years,failed,XXX-XX-7901
837,ORG-0008,Meera Krishnamurthy,891427593914,JTHCL4542M,,1 year,failed,XXX-XX-1849
838,ORG-0007,Ayaan Joshi,232831566480,QPAFS0118H,,3 years,failed,XXX-XX-3216
839,ORG-0001,Pooja Thakur,636743452163,EKBPN0849P,,5 years,failed,XXX-XX-5478
840,ORG-0010,Arjun Kumar,237922351051,SPJHQ2887M,,3 years,pending,XXX-XX-7078
841,ORG-0003,Vihaan Singh,960632814158,AALCY4901Z,,5 years,failed,XXX-XX-1445
842,ORG-0002,Diya Kapoor,560279483059,OJEGC2535B,,5 years,failed,XXX-XX-4502
843,ORG-0002,Karan Banerjee,769407190654,OKZGW4238R,,5 years,expired,XXX-XX-5322
844,ORG-0009,Aadhya Rao,850601274479,OGABS1034G,,3 years,expired,XXX-XX-4484
845,ORG-0003,Reyansh Gupta,820893789849,QPECO4291X,,5 years,pending,XXX-XX-1765
846,ORG-0003,Ayaan Joshi,400604171216,YMBTQ1674K,,5 years,failed,XXX-XX-6604
847,ORG-0003,Radha Venkatesh,809356052078,KHGCF7467E,,7 years,expired,XXX-XX-4577
848,ORG-0004,Aditya Reddy,885994249420,JGUHT3671J,2022-03-18 20:30:50,5 years,verified,XXX-XX-3167
849,ORG-0008,Krishna Iyer,268475443987,LEVFW4863Z,,7 years,failed,XXX-XX-7744
850,ORG-0002,Ishaan Mehta,925625257673,VSVTZ0574S,,5 years,failed,XXX-XX-1232
851,ORG-0005,Pooja Thakur,514821792318,EOSPZ6693J,,5 years,pending,XXX-XX-5120
852,ORG-0001,Aarav Sharma,314798115597,YHVCK3454Q,,10 years,pending,XXX-XX-3109
853,ORG-0004,Aadhya Rao,906923069172,OJHTT5820V,,7 years,expired,XXX-XX-5412
854,ORG-0010,Suresh Naidu,816206913183,BWKLM1039X,,10 years,expired,XXX-XX-5551
855,ORG-0006,Priya Verma,837340924005,NIULZ5163N,,5 years,failed,XXX-XX-2745
856,ORG-0003,Sai Nair,682754218259,XZAFK8874H,,1 year,failed,XXX-XX-5387
857,ORG-0003,Sita Menon,554173065065,WTFTA5406T,,10 years,expired,XXX-XX-3210
858,ORG-0005,Ananya Desai,451365294379,TMZAS3695V,2023-11-21 18:53:40,10 years,verified,XXX-XX-3299
859,ORG-0007,Aarav Sharma,472188893594,DNPAO1300X,,7 years,expired,XXX-XX-5680
860,ORG-0009,Sara Bose,933960879671,FNTCT3686Z,,1 year,expired,XXX-XX-3607
861,ORG-0004,Rohan Mishra,518067362480,HNCJG6315V,,1 year,failed,XXX-XX-2511
862,ORG-0009,Sita Menon,345213333656,AKDCO7244Q,,1 year,pending,XXX-XX-3805
863,ORG-0004,Priya Verma,208748876463,OVZTK7074K,,10 years,verified,XXX-XX-9923
864,ORG-0009,Pooja Thakur,287405365352,PSKLR2254Q,2022-11-15 00:43:30,7 years,verified,XXX-XX-3472
865,ORG-0004,Riya Malhotra,861976630852,EOUPU3675E,,1 year,expired,XXX-XX-1115
866,ORG-0007,Myra Chatterjee,280527515825,XNYLV3992K,2024-10-02 10:29:32,10 years,expired,XXX-XX-9496
867,ORG-0004,Reyansh Gupta,734847786810,IQRHO6010P,,3 years,failed,XXX-XX-5590
868,ORG-0005,Vivaan Patel,635293340915,DFQHB1543Y,,10 years,verified,XXX-XX-1613
869,ORG-0010,Rohan Mishra,984408298639,NGZTZ2998N,,7 years,failed,XXX-XX-1354
870,ORG-0002,Sara Bose,596475215442,XPSCV4135X,,1 year,pending,XXX-XX-2453
871,ORG-0006,Kavya Pillai,796692108709,JTNTN7042J,,7 years,failed,XXX-XX-7369
872,ORG-0003,Deepak Pandey,336320629913,BAACF0645U,,5 years,verified,XXX-XX-4734
873,ORG-0005,Lakshmi Sundaram,663872568272,DVWPM2622A,,7 years,failed,XXX-XX-1484
874,ORG-0010,Deepak Pandey,871513453449,CDILH2891E,,3 years,failed,XXX-XX-9916
875,ORG-0001,Aditya Reddy,579584604406,DHVBI2627L,2023-09-15 12:58:23,7 years,failed,XXX-XX-3295
876,ORG-0007,Lakshmi Sundaram,213412573935,PIPCU1638Z,2025-05-29 01:01:13,10 years,failed,XXX-XX-1040
877,ORG-0003,Deepak Pandey,737987226831,DNNTA3790L,,1 year,failed,XXX-XX-8900
878,ORG-0005,Riya Malhotra,510274553080,AAIFO4401W,,5 years,verified,XXX-XX-1979
879,ORG-0002,Deepak Pandey,990200024464,YAUBR4066K,,3 years,failed,XXX-XX-8440
880,ORG-0001,Sara Bose,214519732715,KBFCQ4369W,2023-10-31 04:10:18,1 year,verified,XXX-XX-5739
881,ORG-0003,Aarav Sharma,840327509480,FTDCE2038S,,3 years,verified,XXX-XX-7102
882,ORG-0007,Arjun Kumar,206600723215,FEELD7172N,,5 years,pending,XXX-XX-4548
883,ORG-0005,Sai Nair,828640254272,SPJLY4668H,,10 years,failed,XXX-XX-3905
884,ORG-0010,Priya Verma,538069948506,MXYHZ2609N,,5 years,expired,XXX-XX-7053
885,ORG-0004,Ayaan Joshi,886187993760,IOSLE7858X,,5 years,pending,XXX-XX-7361
886,ORG-0008,Sita Menon,423068641695,IFRLR3725N,,7 years,pending,XXX-XX-5850
887,ORG-0010,Priya Verma,567770086518,XNFJC0084M,2025-11-16 05:49:53,1 year,verified,XXX-XX-5487
888,ORG-0009,Pooja Thakur,889908322114,HUPGZ7332E,,3 years,expired,XXX-XX-5858
889,ORG-0006,Suresh Naidu,828547586324,VGWBV1673J,,1 year,expired,XXX-XX-8397
890,ORG-0001,Sara Bose,522113175175,GPTAY7129G,,7 years,expired,XXX-XX-4360
891,ORG-0005,Kavya Pillai,328560004609,ZXCLA9576C,,1 year,failed,XXX-XX-3646
892,ORG-0001,Arjun Kumar,889450986212,YUGHJ5892G,2022-05-06 22:30:36,1 year,expired,XXX-XX-2633
893,ORG-0004,Sita Menon,803488718702,RYVCJ9609Q,,1 year,failed,XXX-XX-2507
894,ORG-0002,Arjun Kumar,982146769457,MHLTC2709P,,1 year,expired,XXX-XX-3000
895,ORG-0010,Ishaan Mehta,421380292058,LRKLR2313Y,,5 years,verified,XXX-XX-1033
896,ORG-0003,Rohan Mishra,727075565931,KHOTH9019W,,7 years,expired,XXX-XX-6699
897,ORG-0007,Reyansh Gupta,735881601471,JJGAP0029I,,3 years,verified,XXX-XX-7194
898,ORG-0009,Rohan Mishra,882757109940,OBHBP1141Q,,1 year,failed,XXX-XX-3643
899,ORG-0003,Ayaan Joshi,451525485365,PAHAX7261L,,1 year,verified,XXX-XX-5034
900,ORG-0006,Karan Banerjee,289337417515,VULBU7695B,,7 years,pending,XXX-XX-1478
901,ORG-0003,Sita Menon,280369733685,DTTBU2444X,,3 years,verified,XXX-XX-3871
902,ORG-0002,Rohan Mishra,502395709451,DDFTX9499X,,10 years,verified,XXX-XX-6225
903,ORG-0006,Kavya Pillai,799753752573,VPLAW2858N,2022-05-17 23:03:24,5 years,expired,XXX-XX-8531
904,ORG-0004,Ayaan Joshi,973803402607,PODFU0243T,,10 years,expired,XXX-XX-5845
905,ORG-0005,Ishaan Mehta,974938021796,EHAAI0737K,,7 years,verified,XXX-XX-6367
906,ORG-0009,Ananya Desai,748501480232,BZFCT7621H,,5 years,pending,XXX-XX-9607
907,ORG-0007,Ayaan Joshi,229141860149,YPVAJ0491D,,3 years,pending,XXX-XX-7653
908,ORG-0007,Pooja Thakur,549021302859,NHUHA1005D,,3 years,pending,XXX-XX-7122
909,ORG-0010,Ayaan Joshi,960000764314,ISRJC5393X,,10 years,pending,XXX-XX-4717
910,ORG-0001,Ishaan Mehta,779129649503,IHTFO0769L,,10 years,verified,XXX-XX-2315
911,ORG-0008,Priya Verma,897336670052,OVQJR0676E,,1 year,verified,XXX-XX-7402
912,ORG-0008,Rohan Mishra,906443114557,BDVPX2549C,2022-11-08 19:19:12,1 year,verified,XXX-XX-1473
913,ORG-0004,Aadhya Rao,772756870146,PQWLT2975I,,10 years,pending,XXX-XX-9141
914,ORG-0007,Ananya Desai,383250028882,ELHLO8883Z,,3 years,failed,XXX-XX-6176
915,ORG-0006,Ayaan Joshi,548637692421,LEVTJ7804E,,7 years,pending,XXX-XX-7861
916,ORG-0006,Myra Chatterjee,781687787191,TSPTY2621E,,5 years,expired,XXX-XX-7082
917,ORG-0001,Sai Nair,472458967093,ZSMCL1560A,,10 years,pending,XXX-XX-2533
918,ORG-0005,Aadhya Rao,471686962094,MTLLG4218Z,,3 years,verified,XXX-XX-2848
919,ORG-0002,Arjun Kumar,409086291875,WFZFN8639Q,,10 years,expired,XXX-XX-9171
920,ORG-0002,Amit Choudhury,538629885095,XHSAD8167C,,3 years,failed,XXX-XX-1817
921,ORG-0001,Aditya Reddy,382138786500,YTPAJ2022C,,7 years,failed,XXX-XX-2242
922,ORG-0004,Lakshmi Sundaram,716152335169,AXNHM2184I,2025-05-30 01:09:56,7 years,verified,XXX-XX-7632
923,ORG-0010,Neha Saxena,541039479158,MVLTX7214P,,5 years,verified,XXX-XX-6453
924,ORG-0009,Reyansh Gupta,713554413323,GRUPF2360Y,,5 years,verified,XXX-XX-2090
925,ORG-0006,Kavya Pillai,694480821528,XMMLN5823U,,1 year,pending,XXX-XX-6241
926,ORG-0003,Geetha Raghavan,794905890993,DSAJY8571P,,7 years,expired,XXX-XX-2899
927,ORG-0002,Radha Venkatesh,611769170406,BVSGE1648B,,7 years,expired,XXX-XX-8694
928,ORG-0002,Suresh Naidu,896543747445,HPSLQ8170T,,3 years,pending,XXX-XX-5612
929,ORG-0003,Karan Banerjee,863769185721,QAAGP6473Z,,1 year,verified,XXX-XX-6386
930,ORG-0001,Deepak Pandey,303810513524,GMIJR9235W,,7 years,verified,XXX-XX-4062
931,ORG-0002,Ishaan Mehta,840228546860,GEWBP6843Y,,5 years,expired,XXX-XX-9826
932,ORG-0006,Krishna Iyer,494108676034,BHTAK0072E,,1 year,expired,XXX-XX-4324
933,ORG-0001,Radha Venkatesh,593462578800,BSPPT5041A,,5 years,verified,XXX-XX-3842
934,ORG-0009,Rohan Mishra,539059760700,GFLLC2419A,,1 year,pending,XXX-XX-3246
935,ORG-0007,Neha Saxena,339734624037,SBVBB9696X,,10 years,expired,XXX-XX-9146
936,ORG-0004,Pooja Thakur,962159714297,TJABM8460P,,3 years,pending,XXX-XX-7703
937,ORG-0004,Sara Bose,707376445146,LVNTW6439K,,10 years,verified,XXX-XX-8598
938,ORG-0005,Riya Malhotra,585136413640,HOEPL9539W,,5 years,verified,XXX-XX-8222
939,ORG-0002,Radha Venkatesh,835108593388,NLQGQ4067A,,3 years,failed,XXX-XX-5419
940,ORG-0010,Amit Choudhury,454846966752,ACWHU0636P,,10 years,verified,XXX-XX-7578
941,ORG-0010,Diya Kapoor,491842153807,YQACZ2137E,,10 years,expired,XXX-XX-6955
942,ORG-0004,Priya Verma,696386873994,JKUJI0397L,,5 years,failed,XXX-XX-4585
943,ORG-0005,Ananya Desai,326896495685,NUOFV9354F,,7 years,pending,XXX-XX-8113
944,ORG-0007,Lakshmi Sundaram,652064349924,EWKTR2822X,,10 years,failed,XXX-XX-9774
945,ORG-0001,Diya Kapoor,277309012475,ALHTY1042X,,3 years,failed,XXX-XX-5417
946,ORG-0006,Karan Banerjee,229015336663,HIRPD3381O,,3 years,pending,XXX-XX-9052
947,ORG-0010,Geetha Raghavan,717711652840,ELGPN8316D,,10 years,failed,XXX-XX-9124
948,ORG-0004,Neha Saxena,556330640692,CGCJV9383V,,7 years,verified,XXX-XX-7846
949,ORG-0003,Priya Verma,451422088682,JLSCY4814Q,,1 year,expired,XXX-XX-7426
950,ORG-0003,Aarav Sharma,242640895941,MBIHX6518V,,7 years,expired,XXX-XX-4728
951,ORG-0002,Sai Nair,522795058029,DDPFM2065Z,,1 year,pending,XXX-XX-5183
952,ORG-0003,Priya Verma,774460720227,XNSGH4627B,,3 years,expired,XXX-XX-8924
953,ORG-0002,Karan Banerjee,334616419982,XFEBN1677P,,10 years,pending,XXX-XX-3567
954,ORG-0002,Riya Malhotra,538746447359,RMLGL8780G,2023-07-16 10:03:00,3 years,verified,XXX-XX-3145
955,ORG-0007,Deepak Pandey,555029681330,TBQAI0772V,,5 years,failed,XXX-XX-2127
956,ORG-0009,Amit Choudhury,424508864085,IGHAD5102V,,5 years,pending,XXX-XX-3847
957,ORG-0001,Suresh Naidu,560731744058,RRQJH7645W,,7 years,expired,XXX-XX-8899
958,ORG-0003,Vivaan Patel,201277994420,JUUPT3145C,,10 years,verified,XXX-XX-5338
959,ORG-0005,Diya Kapoor,694463311407,LTVPQ4145M,,7 years,expired,XXX-XX-8219
960,ORG-0009,Ayaan Joshi,234418578076,FRSGV3023M,,7 years,pending,XXX-XX-4578
961,ORG-0001,Ishaan Mehta,304761632262,ZTFLI4833S,,10 years,expired,XXX-XX-1357
962,ORG-0004,Myra Chatterjee,502269276038,ZTDTD6193T,,1 year,verified,XXX-XX-5329
963,ORG-0001,Myra Chatterjee,450411450547,PZKAP3467X,,5 years,expired,XXX-XX-5667
964,ORG-0010,Pooja Thakur,960181128797,JTOPV1994P,,5 years,expired,XXX-XX-4985
965,ORG-0002,Sara Bose,581498418444,HKMPQ0585W,,10 years,verified,XXX-XX-7421
966,ORG-0009,Sai Nair,212844416132,URKBZ8065I,,1 year,failed,XXX-XX-1922
967,ORG-0004,Priya Verma,467375349868,XOVCP8926E,,5 years,verified,XXX-XX-8175
968,ORG-0005,Aditya Reddy,438079924415,YVZFM8152T,,5 years,verified,XXX-XX-4406
969,ORG-0009,Krishna Iyer,723202885572,UQQLW6375E,,1 year,pending,XXX-XX-2763
970,ORG-0008,Priya Verma,539945029499,LMDJV2209J,,3 years,pending,XXX-XX-5429
971,ORG-0002,Amit Choudhury,580627430805,UHEPI1906H,,5 years,verified,XXX-XX-6040
972,ORG-0008,Sara Bose,779174039089,HIJTR6010J,,3 years,failed,XXX-XX-6321
973,ORG-0002,Karan Banerjee,258309701368,EPZAU9233S,,7 years,pending,XXX-XX-3750
974,ORG-0010,Diya Kapoor,523500871685,UUHGU6104F,,3 years,failed,XXX-XX-7719
975,ORG-0004,Reyansh Gupta,665222397399,GALHZ2271T,,10 years,failed,XXX-XX-6628
976,ORG-0001,Aadhya Rao,628081759562,JHZJU8249N,,3 years,failed,XXX-XX-2574
977,ORG-0008,Myra Chatterjee,704850773152,LYZTU4394S,,10 years,failed,XXX-XX-8487
978,ORG-0001,Sara Bose,348688408694,CZFPI7994K,,5 years,expired,XXX-XX-8080
979,ORG-0006,Aarav Sharma,707400425710,HFZTU9538I,,1 year,failed,XXX-XX-7700
980,ORG-0007,Geetha Raghavan,543179974479,PXUBJ9839V,,10 years,failed,XXX-XX-9036
981,ORG-0007,Deepak Pandey,478390475226,TWWLG3308A,,3 years,expired,XXX-XX-9999
982,ORG-0010,Myra Chatterjee,708602981874,LNTAG3401N,,5 years,failed,XXX-XX-4461
983,ORG-0010,Krishna Iyer,855772561246,KMVAO8883L,,7 years,pending,XXX-XX-7774
984,ORG-0003,Myra Chatterjee,594306996829,MUJGV2225K,,5 years,pending,XXX-XX-8309
985,ORG-0008,Meera Krishnamurthy,688974452216,YMMBJ5320Y,,3 years,pending,XXX-XX-1973
986,ORG-0010,Riya Malhotra,276087733526,HGGHU6331G,,3 years,expired,XXX-XX-8042
987,ORG-0001,Rohan Mishra,280485002392,RVCTW7553K,,1 year,verified,XXX-XX-6214
988,ORG-0009,Reyansh Gupta,972433495744,MASTN3673E,,1 year,failed,XXX-XX-3181
989,ORG-0006,Myra Chatterjee,795060776012,SMXAK2425F,,1 year,failed,XXX-XX-1897
990,ORG-0006,Aditya Reddy,585333825041,TIGGJ8032D,2025-10-08 05:58:46,3 years,expired,XXX-XX-4697
991,ORG-0006,Aditya Reddy,849840023518,DNFLY3839Q,,5 years,pending,XXX-XX-2948
992,ORG-0008,Kavya Pillai,736685769994,OJJPD3362G,,1 year,pending,XXX-XX-6096
993,ORG-0009,Suresh Naidu,357001588113,PVICD6857H,,1 year,verified,XXX-XX-3840
994,ORG-0002,Neha Saxena,719292410838,FBBFB1824R,2025-12-29 03:57:03,10 years,expired,XXX-XX-6907
995,ORG-0010,Kavya Pillai,663477283813,OZPBE4692E,2023-09-21 21:05:59,10 years,verified,XXX-XX-1375
996,ORG-0007,Vihaan Singh,893608887616,GUDPE4516U,,5 years,expired,XXX-XX-3793
997,ORG-0007,Lakshmi Sundaram,890125900329,RQXHP1160G,,1 year,verified,XXX-XX-8590
998,ORG-0005,Kavya Pillai,767214160396,VIZAW9993Z,,5 years,verified,XXX-XX-3842
999,ORG-0003,Krishna Iyer,243344866375,AWQTQ3362D,,5 years,failed,XXX-XX-8068
1000,ORG-0003,Ayaan Joshi,959483696809,KYKCE8000X,,10 years,expired,XXX-XX-1149
